id,calculator_name,category,competitor_slug,source_url,competitor_title,competitor_meta_description,competitor_h1,primary_keyword,secondary_keywords,search_intent,suggested_figurenest_slug,suggested_title,suggested_h1,suggested_meta_description,content_sections,schema_recommendation,priority,priority_basis,status,source_http_status,source_schema_types,source_word_count_estimate,research_date,notes,implementation_order
37,Age,Everyday & Converters,age-calculator,https://www.calculator.net/age-calculator.html,Age Calculator,"This free age calculator computes age in terms of years, months, weeks, days, hours, minutes, and seconds, given a date of birth.",Age Calculator,age calculator,free age calculator | online age calculator | age calculator formula | how to calculate age | age calculator with steps | age calculator metric | age calculator example | age calculator accurate | age calculator explained,Transactional tool + informational,/age-calculator,"Age Calculator – Free, Fast & Explained | FigureNest",Age Calculator,"Use FigureNest’s free age calculator for fast results, clear inputs, worked examples, and an easy explanation of the formula.",Calculator; How it works; Formula; Worked example; Interpretation; FAQs; Related calculators,WebApplication + BreadcrumbList + FAQPage (only when visible FAQs exist),1,Heuristic opportunity tier; validate volume/difficulty before publishing,Backlog,200,,451,2026-09-03,Write original copy and independently test calculations; do not copy competitor text.,1
22,Bmr,Everyday & Converters,bmr-calculator,https://www.calculator.net/bmr-calculator.html,BMR Calculator,"This free BMR calculator estimates basal metabolic rate based on well-known formulas. Also, learn more about variables that affect BMR.",BMR Calculator,bmr calculator,free bmr calculator | online bmr calculator | bmr calculator formula | how to calculate bmr | bmr calculator with steps | bmr calculator metric | bmr calculator example | bmr calculator accurate | bmr calculator explained,Transactional tool + informational,/bmr-calculator,"Bmr Calculator – Free, Fast & Explained | FigureNest",Bmr Calculator,"Use FigureNest’s free bmr calculator for fast results, clear inputs, worked examples, and an easy explanation of the formula.",Calculator; How it works; Formula; Worked example; Interpretation; FAQs; Related calculators,WebApplication + BreadcrumbList + FAQPage (only when visible FAQs exist),1,Heuristic opportunity tier; validate volume/difficulty before publishing,Backlog,200,,1472,2026-09-03,Write original copy and independently test calculations; do not copy competitor text.,2
9,Currency,Everyday & Converters,currency-calculator,https://www.calculator.net/currency-calculator.html,Currency Calculator,"Free currency calculator to convert between most of the global currencies using live or custom exchange rates. Also, check the latest exchange rate.",Currency Calculator,currency calculator,free currency calculator | online currency calculator | currency calculator formula | how to calculate currency | currency calculator with steps | currency calculator metric | currency calculator example | currency calculator accurate | currency calculator explained,Transactional tool + informational,/currency-calculator,"Currency Calculator – Free, Fast & Explained | FigureNest",Currency Calculator,"Use FigureNest’s free currency calculator for fast results, clear inputs, worked examples, and an easy explanation of the formula.",Calculator; How it works; Formula; Worked example; Interpretation; FAQs; Related calculators,WebApplication + BreadcrumbList + FAQPage (only when visible FAQs exist),1,Heuristic opportunity tier; validate volume/difficulty before publishing,Backlog,200,,3879,2026-09-03,Write original copy and independently test calculations; do not copy competitor text.,3
150,Fuel Cost,Everyday & Converters,fuel-cost-calculator,https://www.calculator.net/fuel-cost-calculator.html,Fuel Cost Calculator,"This free fuel cost calculator estimates the fuel cost of a trip based on fuel efficiency, distance, and gas price using various units of measurement.",Fuel Cost Calculator,fuel cost calculator,free fuel cost calculator | online fuel cost calculator | fuel cost calculator formula | how to calculate fuel cost | fuel cost calculator with steps | fuel cost calculator metric | fuel cost calculator example | fuel cost calculator accurate | fuel cost calculator explained,Transactional tool + informational,/fuel-cost-calculator,"Fuel Cost Calculator – Free, Fast & Explained | FigureNest",Fuel Cost Calculator,"Use FigureNest’s free fuel cost calculator for fast results, clear inputs, worked examples, and an easy explanation of the formula.",Calculator; How it works; Formula; Worked example; Interpretation; FAQs; Related calculators,WebApplication + BreadcrumbList + FAQPage (only when visible FAQs exist),1,Heuristic opportunity tier; validate volume/difficulty before publishing,Backlog,200,,1320,2026-09-03,Write original copy and independently test calculations; do not copy competitor text.,4
158,Gas Mileage,Everyday & Converters,gas-mileage-calculator,https://www.calculator.net/gas-mileage-calculator.html,Gas Mileage Calculator,"This free gas mileage calculator estimates gas mileage based on odometer readings, gas price per gallon, and the amount of gas in the tank.",Gas Mileage Calculator,gas mileage calculator,free gas mileage calculator | online gas mileage calculator | gas mileage calculator formula | how to calculate gas mileage | gas mileage calculator with steps | gas mileage calculator metric | gas mileage calculator example | gas mileage calculator accurate | gas mileage calculator explained,Transactional tool + informational,/gas-mileage-calculator,"Gas Mileage Calculator – Free, Fast & Explained | FigureNest",Gas Mileage Calculator,"Use FigureNest’s free gas mileage calculator for fast results, clear inputs, worked examples, and an easy explanation of the formula.",Calculator; How it works; Formula; Worked example; Interpretation; FAQs; Related calculators,WebApplication + BreadcrumbList + FAQPage (only when visible FAQs exist),1,Heuristic opportunity tier; validate volume/difficulty before publishing,Backlog,200,,1096,2026-09-03,Write original copy and independently test calculations; do not copy competitor text.,5
41,Gpa,Everyday & Converters,gpa-calculator,https://www.calculator.net/gpa-calculator.html,GPA Calculator,This GPA calculator computes GPA and generates a report based on course credits and the achieved grade. It accepts both numerical and letter grades.,GPA Calculator,gpa calculator,free gpa calculator | online gpa calculator | gpa calculator formula | how to calculate gpa | gpa calculator with steps | gpa calculator metric | gpa calculator example | gpa calculator accurate | gpa calculator explained,Transactional tool + informational,/gpa-calculator,"Gpa Calculator – Free, Fast & Explained | FigureNest",Gpa Calculator,"Use FigureNest’s free gpa calculator for fast results, clear inputs, worked examples, and an easy explanation of the formula.",Calculator; How it works; Formula; Worked example; Interpretation; FAQs; Related calculators,WebApplication + BreadcrumbList + FAQPage (only when visible FAQs exist),1,Heuristic opportunity tier; validate volume/difficulty before publishing,Backlog,200,,1572,2026-09-03,Write original copy and independently test calculations; do not copy competitor text.,6
42,Grade,Everyday & Converters,grade-calculator,https://www.calculator.net/grade-calculator.html,Grade Calculator,This free grade calculator can calculate a weighted average grade. It accepts both numerical as well as letter grades.,Grade Calculator,grade calculator,free grade calculator | online grade calculator | grade calculator formula | how to calculate grade | grade calculator with steps | grade calculator metric | grade calculator example | grade calculator accurate | grade calculator explained,Transactional tool + informational,/grade-calculator,"Grade Calculator – Free, Fast & Explained | FigureNest",Grade Calculator,"Use FigureNest’s free grade calculator for fast results, clear inputs, worked examples, and an easy explanation of the formula.",Calculator; How it works; Formula; Worked example; Interpretation; FAQs; Related calculators,WebApplication + BreadcrumbList + FAQPage (only when visible FAQs exist),1,Heuristic opportunity tier; validate volume/difficulty before publishing,Backlog,200,,1096,2026-09-03,Write original copy and independently test calculations; do not copy competitor text.,7
52,Marriage,Everyday & Converters,marriage-calculator,https://www.calculator.net/marriage-calculator.html,Marriage Tax Calculator,Free calculator to estimate the financial consequences of marriage to the participant individuals in terms of U.S. federal income taxation.,Marriage Tax Calculator,marriage calculator,free marriage calculator | online marriage calculator | marriage calculator formula | how to calculate marriage | marriage calculator with steps | marriage calculator metric | marriage calculator example | marriage calculator accurate | marriage calculator explained,Transactional tool + informational,/marriage-calculator,"Marriage Calculator – Free, Fast & Explained | FigureNest",Marriage Calculator,"Use FigureNest’s free marriage calculator for fast results, clear inputs, worked examples, and an easy explanation of the formula.",Calculator; How it works; Formula; Worked example; Interpretation; FAQs; Related calculators,WebApplication + BreadcrumbList + FAQPage (only when visible FAQs exist),1,Heuristic opportunity tier; validate volume/difficulty before publishing,Backlog,200,,956,2026-09-03,Write original copy and independently test calculations; do not copy competitor text.,8
167,Mileage,Everyday & Converters,mileage-calculator,https://www.calculator.net/mileage-calculator.html,Mileage Calculator,This mileage calculator estimates the number of driving miles between two locations in the United States.,Mileage Calculator,mileage calculator,free mileage calculator | online mileage calculator | mileage calculator formula | how to calculate mileage | mileage calculator with steps | mileage calculator metric | mileage calculator example | mileage calculator accurate | mileage calculator explained,Transactional tool + informational,/mileage-calculator,"Mileage Calculator – Free, Fast & Explained | FigureNest",Mileage Calculator,"Use FigureNest’s free mileage calculator for fast results, clear inputs, worked examples, and an easy explanation of the formula.",Calculator; How it works; Formula; Worked example; Interpretation; FAQs; Related calculators,WebApplication + BreadcrumbList + FAQPage (only when visible FAQs exist),1,Heuristic opportunity tier; validate volume/difficulty before publishing,Backlog,200,,145,2026-09-03,Write original copy and independently test calculations; do not copy competitor text.,9
166,Tip,Everyday & Converters,tip-calculator,https://www.calculator.net/tip-calculator.html,Tip Calculator,This free tip calculator computes tip amounts for various situations. It can also calculate the tip amount split between a given number of people.,Tip Calculator,tip calculator,free tip calculator | online tip calculator | tip calculator formula | how to calculate tip | tip calculator with steps | tip calculator metric | tip calculator example | tip calculator accurate | tip calculator explained,Transactional tool + informational,/tip-calculator,"Tip Calculator – Free, Fast & Explained | FigureNest",Tip Calculator,"Use FigureNest’s free tip calculator for fast results, clear inputs, worked examples, and an easy explanation of the formula.",Calculator; How it works; Formula; Worked example; Interpretation; FAQs; Related calculators,WebApplication + BreadcrumbList + FAQPage (only when visible FAQs exist),1,Heuristic opportunity tier; validate volume/difficulty before publishing,Backlog,200,,621,2026-09-03,Write original copy and independently test calculations; do not copy competitor text.,10
3,Auto Loan,Finance,auto-loan-calculator,https://www.calculator.net/auto-loan-calculator.html,Auto Loan Calculator,"Free auto loan calculator to determine the monthly payment and total cost of an auto loan, while accounting for sales tax, fees, trade-in value, and more.",Auto Loan Calculator,auto loan calculator,free auto loan calculator | online auto loan calculator | auto loan calculator formula | how to calculate auto loan | auto loan calculator with steps | auto loan calculator metric | auto loan calculator example | auto loan calculator monthly payment | auto loan calculator Europe,Transactional tool + informational,/auto-loan-calculator,"Auto Loan Calculator – Free, Fast & Explained | FigureNest",Auto Loan Calculator,"Use FigureNest’s free auto loan calculator for fast results, clear inputs, worked examples, and an easy explanation of the formula.",Calculator; How it works; Formula; Worked example; Interpretation; FAQs; Related calculators,WebApplication + BreadcrumbList + FAQPage (only when visible FAQs exist),1,Heuristic opportunity tier; validate volume/difficulty before publishing,Backlog,200,,3474,2026-09-03,Write original copy and independently test calculations; do not copy competitor text.,11
84,Boat Loan,Finance,boat-loan-calculator,https://www.calculator.net/boat-loan-calculator.html,Boat Loan Calculator,"Free boat loan calculator to determine the monthly payment and total cost of a boat loan, while accounting for sales tax, fees, trade-in value, and more.",Boat Loan Calculator,boat loan calculator,free boat loan calculator | online boat loan calculator | boat loan calculator formula | how to calculate boat loan | boat loan calculator with steps | boat loan calculator metric | boat loan calculator example | boat loan calculator monthly payment | boat loan calculator Europe,Transactional tool + informational,/boat-loan-calculator,"Boat Loan Calculator – Free, Fast & Explained | FigureNest",Boat Loan Calculator,"Use FigureNest’s free boat loan calculator for fast results, clear inputs, worked examples, and an easy explanation of the formula.",Calculator; How it works; Formula; Worked example; Interpretation; FAQs; Related calculators,WebApplication + BreadcrumbList + FAQPage (only when visible FAQs exist),1,Heuristic opportunity tier; validate volume/difficulty before publishing,Backlog,200,,2582,2026-09-03,Write original copy and independently test calculations; do not copy competitor text.,12
79,Business Loan,Finance,business-loan-calculator,https://www.calculator.net/business-loan-calculator.html,Business Loan Calculator,Free business loan calculator that deals with complex repayment options and returns real APR/cost of a business or SBA loan. Learn more about business loans.,Business Loan Calculator,business loan calculator,free business loan calculator | online business loan calculator | business loan calculator formula | how to calculate business loan | business loan calculator with steps | business loan calculator metric | business loan calculator example | business loan calculator monthly payment | business loan calculator Europe,Transactional tool + informational,/business-loan-calculator,"Business Loan Calculator – Free, Fast & Explained | FigureNest",Business Loan Calculator,"Use FigureNest’s free business loan calculator for fast results, clear inputs, worked examples, and an easy explanation of the formula.",Calculator; How it works; Formula; Worked example; Interpretation; FAQs; Related calculators,WebApplication + BreadcrumbList + FAQPage (only when visible FAQs exist),1,Heuristic opportunity tier; validate volume/difficulty before publishing,Backlog,200,,1462,2026-09-03,Write original copy and independently test calculations; do not copy competitor text.,13
192,Canadian Mortgage,Finance,canadian-mortgage-calculator,https://www.calculator.net/canadian-mortgage-calculator.html,Canadian Mortgage Calculator,Free online mortgage calculator specifically customized for use in Canada including amortization tables and the respective graphs.,Canadian Mortgage Calculator,canadian mortgage calculator,free canadian mortgage calculator | online canadian mortgage calculator | canadian mortgage calculator formula | how to calculate canadian mortgage | canadian mortgage calculator with steps | canadian mortgage calculator metric | canadian mortgage calculator example | canadian mortgage calculator monthly payment | canadian mortgage calculator Europe,Transactional tool + informational,/canadian-mortgage-calculator,"Canadian Mortgage Calculator – Free, Fast & Explained | FigureNest",Canadian Mortgage Calculator,"Use FigureNest’s free canadian mortgage calculator for fast results, clear inputs, worked examples, and an easy explanation of the formula.",Calculator; How it works; Formula; Worked example; Interpretation; FAQs; Related calculators,WebApplication + BreadcrumbList + FAQPage (only when visible FAQs exist),1,Heuristic opportunity tier; validate volume/difficulty before publishing,Backlog,200,,4038,2026-09-03,Write original copy and independently test calculations; do not copy competitor text.,14
73,Cash Back Or Low Interest,Finance,cash-back-or-low-interest-calculator,https://www.calculator.net/cash-back-or-low-interest-calculator.html,Cash Back or Low Interest Calculator,Free calculator to evaluate the options of either cash back or low interest offers when buying a car and to learn more about the tradeoffs.,Cash Back or Low Interest Calculator,cash back or low interest calculator,free cash back or low interest calculator | online cash back or low interest calculator | cash back or low interest calculator formula | how to calculate cash back or low interest | cash back or low interest calculator with steps | cash back or low interest calculator metric | cash back or low interest calculator example | cash back or low interest calculator monthly payment | cash back or low interest calculator Europe,Transactional tool + informational,/cash-back-or-low-interest-calculator,"Cash Back Or Low Interest Calculator – Free, Fast & Explained | FigureNest",Cash Back Or Low Interest Calculator,"Use FigureNest’s free cash back or low interest calculator for fast results, clear inputs, worked examples, and an easy explanation of the formula.",Calculator; How it works; Formula; Worked example; Interpretation; FAQs; Related calculators,WebApplication + BreadcrumbList + FAQPage (only when visible FAQs exist),1,Heuristic opportunity tier; validate volume/difficulty before publishing,Backlog,200,,1879,2026-09-03,Write original copy and independently test calculations; do not copy competitor text.,15
14,Compound Interest,Finance,compound-interest-calculator,https://www.calculator.net/compound-interest-calculator.html,Compound Interest Calculator,"Free compound interest calculator to convert and compare interest rates of different compounding periods, or to gain more knowledge on compound interest.",Compound Interest Calculator,compound interest calculator,free compound interest calculator | online compound interest calculator | compound interest calculator formula | how to calculate compound interest | compound interest calculator with steps | compound interest calculator metric | compound interest calculator example | compound interest calculator monthly payment | compound interest calculator Europe,Transactional tool + informational,/compound-interest-calculator,"Compound Interest Calculator – Free, Fast & Explained | FigureNest",Compound Interest Calculator,"Use FigureNest’s free compound interest calculator for fast results, clear inputs, worked examples, and an easy explanation of the formula.",Calculator; How it works; Formula; Worked example; Interpretation; FAQs; Related calculators,WebApplication + BreadcrumbList + FAQPage (only when visible FAQs exist),1,Heuristic opportunity tier; validate volume/difficulty before publishing,Backlog,200,,1651,2026-09-03,Write original copy and independently test calculations; do not copy competitor text.,16
78,Discount,Finance,discount-calculator,https://www.calculator.net/discount-calculator.html,Discount Calculator,"Online calculator to determine the final price after discount, the amount saved, or the original price before discount related to a discounted purchase.",Discount Calculator,discount calculator,free discount calculator | online discount calculator | discount calculator formula | how to calculate discount | discount calculator with steps | discount calculator metric | discount calculator example | discount calculator monthly payment | discount calculator Europe,Transactional tool + informational,/discount-calculator,"Discount Calculator – Free, Fast & Explained | FigureNest",Discount Calculator,"Use FigureNest’s free discount calculator for fast results, clear inputs, worked examples, and an easy explanation of the formula.",Calculator; How it works; Formula; Worked example; Interpretation; FAQs; Related calculators,WebApplication + BreadcrumbList + FAQPage (only when visible FAQs exist),1,Heuristic opportunity tier; validate volume/difficulty before publishing,Backlog,200,,526,2026-09-03,Write original copy and independently test calculations; do not copy competitor text.,17
53,Estate Tax,Finance,estate-tax-calculator,https://www.calculator.net/estate-tax-calculator.html,Estate Tax Calculator,Free estate tax calculator to estimate federal estate tax in the U.S. Also gain in-depth knowledge on estate tax and check the latest estate tax rate.,Estate Tax Calculator,estate tax calculator,free estate tax calculator | online estate tax calculator | estate tax calculator formula | how to calculate estate tax | estate tax calculator with steps | estate tax calculator metric | estate tax calculator example | estate tax calculator monthly payment | estate tax calculator Europe,Transactional tool + informational,/estate-tax-calculator,"Estate Tax Calculator – Free, Fast & Explained | FigureNest",Estate Tax Calculator,"Use FigureNest’s free estate tax calculator for fast results, clear inputs, worked examples, and an easy explanation of the formula.",Calculator; How it works; Formula; Worked example; Interpretation; FAQs; Related calculators,WebApplication + BreadcrumbList + FAQPage (only when visible FAQs exist),1,Heuristic opportunity tier; validate volume/difficulty before publishing,Backlog,200,,2712,2026-09-03,Write original copy and independently test calculations; do not copy competitor text.,18
92,Fha Loan,Finance,fha-loan-calculator,https://www.calculator.net/fha-loan-calculator.html,FHA Loan Calculator,"Free FHA loan calculator to find the monthly payment, total interest, and amortization details of an FHA loan, or learn more about FHA loans.",FHA Loan Calculator,fha loan calculator,free fha loan calculator | online fha loan calculator | fha loan calculator formula | how to calculate fha loan | fha loan calculator with steps | fha loan calculator metric | fha loan calculator example | fha loan calculator monthly payment | fha loan calculator Europe,Transactional tool + informational,/fha-loan-calculator,"Fha Loan Calculator – Free, Fast & Explained | FigureNest",Fha Loan Calculator,"Use FigureNest’s free fha loan calculator for fast results, clear inputs, worked examples, and an easy explanation of the formula.",Calculator; How it works; Formula; Worked example; Interpretation; FAQs; Related calculators,WebApplication + BreadcrumbList + FAQPage (only when visible FAQs exist),1,Heuristic opportunity tier; validate volume/difficulty before publishing,Backlog,200,,5826,2026-09-03,Write original copy and independently test calculations; do not copy competitor text.,19
94,Home Equity Loan,Finance,home-equity-loan-calculator,https://www.calculator.net/home-equity-loan-calculator.html,Home Equity Loan Calculator,"Free calculator that finds the home equity loan amount you can borrow, along with the monthly payment, interest, total cost, and APR after factoring in closing costs.",Home Equity Loan Calculator,home equity loan calculator,free home equity loan calculator | online home equity loan calculator | home equity loan calculator formula | how to calculate home equity loan | home equity loan calculator with steps | home equity loan calculator metric | home equity loan calculator example | home equity loan calculator monthly payment | home equity loan calculator Europe,Transactional tool + informational,/home-equity-loan-calculator,"Home Equity Loan Calculator – Free, Fast & Explained | FigureNest",Home Equity Loan Calculator,"Use FigureNest’s free home equity loan calculator for fast results, clear inputs, worked examples, and an easy explanation of the formula.",Calculator; How it works; Formula; Worked example; Interpretation; FAQs; Related calculators,WebApplication + BreadcrumbList + FAQPage (only when visible FAQs exist),1,Heuristic opportunity tier; validate volume/difficulty before publishing,Backlog,200,,3772,2026-09-03,Write original copy and independently test calculations; do not copy competitor text.,20
4,Interest,Finance,interest-calculator,https://www.calculator.net/interest-calculator.html,Interest Calculator,"Free compound interest calculator to find the interest, final balance, and schedule using either a fixed initial investment and/or periodic contributions.",Interest Calculator,interest calculator,free interest calculator | online interest calculator | interest calculator formula | how to calculate interest | interest calculator with steps | interest calculator metric | interest calculator example | interest calculator monthly payment | interest calculator Europe,Transactional tool + informational,/interest-calculator,"Interest Calculator – Free, Fast & Explained | FigureNest",Interest Calculator,"Use FigureNest’s free interest calculator for fast results, clear inputs, worked examples, and an easy explanation of the formula.",Calculator; How it works; Formula; Worked example; Interpretation; FAQs; Related calculators,WebApplication + BreadcrumbList + FAQPage (only when visible FAQs exist),1,Heuristic opportunity tier; validate volume/difficulty before publishing,Backlog,200,,2542,2026-09-03,Write original copy and independently test calculations; do not copy competitor text.,21
17,Interest Rate,Finance,interest-rate-calculator,https://www.calculator.net/interest-rate-calculator.html,Interest Rate Calculator,Free online calculator to find the interest rate as well as the total interest cost of an amortized loan with a fixed monthly payback amount.,Interest Rate Calculator,interest rate calculator,free interest rate calculator | online interest rate calculator | interest rate calculator formula | how to calculate interest rate | interest rate calculator with steps | interest rate calculator metric | interest rate calculator example | interest rate calculator monthly payment | interest rate calculator Europe,Transactional tool + informational,/interest-rate-calculator,"Interest Rate Calculator – Free, Fast & Explained | FigureNest",Interest Rate Calculator,"Use FigureNest’s free interest rate calculator for fast results, clear inputs, worked examples, and an easy explanation of the formula.",Calculator; How it works; Formula; Worked example; Interpretation; FAQs; Related calculators,WebApplication + BreadcrumbList + FAQPage (only when visible FAQs exist),1,Heuristic opportunity tier; validate volume/difficulty before publishing,Backlog,200,,2136,2026-09-03,Write original copy and independently test calculations; do not copy competitor text.,22
8,Investment,Finance,investment-calculator,https://www.calculator.net/investment-calculator.html,Investment Calculator,"Free investment calculator to evaluate various investment situations considering starting and ending balance, contributions, return rate, and investment length.",Investment Calculator,investment calculator,free investment calculator | online investment calculator | investment calculator formula | how to calculate investment | investment calculator with steps | investment calculator metric | investment calculator example | investment calculator monthly payment | investment calculator Europe,Transactional tool + informational,/investment-calculator,"Investment Calculator – Free, Fast & Explained | FigureNest",Investment Calculator,"Use FigureNest’s free investment calculator for fast results, clear inputs, worked examples, and an easy explanation of the formula.",Calculator; How it works; Formula; Worked example; Interpretation; FAQs; Related calculators,WebApplication + BreadcrumbList + FAQPage (only when visible FAQs exist),1,Heuristic opportunity tier; validate volume/difficulty before publishing,Backlog,200,,3853,2026-09-03,Write original copy and independently test calculations; do not copy competitor text.,23
2,Loan,Finance,loan-calculator,https://www.calculator.net/loan-calculator.html,Loan Calculator,"Free loan calculator to find the repayment plan, interest cost, and amortization schedule of conventional amortized loans, deferred payment loans, and bonds.",Loan Calculator,loan calculator,free loan calculator | online loan calculator | loan calculator formula | how to calculate loan | loan calculator with steps | loan calculator metric | loan calculator example | loan calculator monthly payment | loan calculator Europe,Transactional tool + informational,/loan-calculator,"Loan Calculator – Free, Fast & Explained | FigureNest",Loan Calculator,"Use FigureNest’s free loan calculator for fast results, clear inputs, worked examples, and an easy explanation of the formula.",Calculator; How it works; Formula; Worked example; Interpretation; FAQs; Related calculators,WebApplication + BreadcrumbList + FAQPage (only when visible FAQs exist),1,Heuristic opportunity tier; validate volume/difficulty before publishing,Backlog,200,,2146,2026-09-03,Write original copy and independently test calculations; do not copy competitor text.,24
1,Mortgage,Finance,mortgage-calculator,https://www.calculator.net/mortgage-calculator.html,Mortgage Calculator,"Free mortgage calculator to find monthly payment, total home ownership cost, and amortization schedule with options for taxes, PMI, HOA, and early payoff.",Mortgage Calculator,mortgage calculator,free mortgage calculator | online mortgage calculator | mortgage calculator formula | how to calculate mortgage | mortgage calculator with steps | mortgage calculator metric | mortgage calculator example | mortgage calculator monthly payment | mortgage calculator Europe,Transactional tool + informational,/mortgage-calculator,"Mortgage Calculator – Free, Fast & Explained | FigureNest",Mortgage Calculator,"Use FigureNest’s free mortgage calculator for fast results, clear inputs, worked examples, and an easy explanation of the formula.",Calculator; How it works; Formula; Worked example; Interpretation; FAQs; Related calculators,WebApplication + BreadcrumbList + FAQPage (only when visible FAQs exist),1,Heuristic opportunity tier; validate volume/difficulty before publishing,Backlog,200,,6805,2026-09-03,Write original copy and independently test calculations; do not copy competitor text.,25
193,Mortgage Amortization,Finance,mortgage-amortization-calculator,https://www.calculator.net/mortgage-amortization-calculator.html,Mortgage Amortization Calculator,Free online mortgage amortization calculator including amortization schedules and the related curves.,Mortgage Amortization Calculator,mortgage amortization calculator,free mortgage amortization calculator | online mortgage amortization calculator | mortgage amortization calculator formula | how to calculate mortgage amortization | mortgage amortization calculator with steps | mortgage amortization calculator metric | mortgage amortization calculator example | mortgage amortization calculator monthly payment | mortgage amortization calculator Europe,Transactional tool + informational,/mortgage-amortization-calculator,"Mortgage Amortization Calculator – Free, Fast & Explained | FigureNest",Mortgage Amortization Calculator,"Use FigureNest’s free mortgage amortization calculator for fast results, clear inputs, worked examples, and an easy explanation of the formula.",Calculator; How it works; Formula; Worked example; Interpretation; FAQs; Related calculators,WebApplication + BreadcrumbList + FAQPage (only when visible FAQs exist),1,Heuristic opportunity tier; validate volume/difficulty before publishing,Backlog,200,,5174,2026-09-03,Write original copy and independently test calculations; do not copy competitor text.,26
12,Mortgage Payoff,Finance,mortgage-payoff-calculator,https://www.calculator.net/mortgage-payoff-calculator.html,Mortgage Payoff Calculator,"Free mortgage payoff calculator to evaluate options to pay off a mortgage earlier, such as extra payments, bi-weekly payments, or paying back altogether.",Mortgage Payoff Calculator,mortgage payoff calculator,free mortgage payoff calculator | online mortgage payoff calculator | mortgage payoff calculator formula | how to calculate mortgage payoff | mortgage payoff calculator with steps | mortgage payoff calculator metric | mortgage payoff calculator example | mortgage payoff calculator monthly payment | mortgage payoff calculator Europe,Transactional tool + informational,/mortgage-payoff-calculator,"Mortgage Payoff Calculator – Free, Fast & Explained | FigureNest",Mortgage Payoff Calculator,"Use FigureNest’s free mortgage payoff calculator for fast results, clear inputs, worked examples, and an easy explanation of the formula.",Calculator; How it works; Formula; Worked example; Interpretation; FAQs; Related calculators,WebApplication + BreadcrumbList + FAQPage (only when visible FAQs exist),1,Heuristic opportunity tier; validate volume/difficulty before publishing,Backlog,200,,8329,2026-09-03,Write original copy and independently test calculations; do not copy competitor text.,27
191,Mortgage Uk,Finance,mortgage-calculator-uk,https://www.calculator.net/mortgage-calculator-uk.html,Mortgage Calculator UK,Free online mortgage calculator specifically customized for use in the UK including amortization tables and the respective graphs.,Mortgage Calculator UK,mortgage uk calculator,free mortgage uk calculator | online mortgage uk calculator | mortgage uk calculator formula | how to calculate mortgage uk | mortgage uk calculator with steps | mortgage uk calculator metric | mortgage uk calculator example | mortgage uk calculator monthly payment | mortgage uk calculator Europe,Transactional tool + informational,/mortgage-uk-calculator,"Mortgage Uk Calculator – Free, Fast & Explained | FigureNest",Mortgage Uk Calculator,"Use FigureNest’s free mortgage uk calculator for fast results, clear inputs, worked examples, and an easy explanation of the formula.",Calculator; How it works; Formula; Worked example; Interpretation; FAQs; Related calculators,WebApplication + BreadcrumbList + FAQPage (only when visible FAQs exist),1,Heuristic opportunity tier; validate volume/difficulty before publishing,Backlog,200,,5065,2026-09-03,Write original copy and independently test calculations; do not copy competitor text.,28
83,Personal Loan,Finance,personal-loan-calculator,https://www.calculator.net/personal-loan-calculator.html,Personal Loan Calculator,"Free personal loan calculator that returns the monthly payment, real loan cost, and the APR after considering the fee, insurance, interest of a personal loan.",Personal Loan Calculator,personal loan calculator,free personal loan calculator | online personal loan calculator | personal loan calculator formula | how to calculate personal loan | personal loan calculator with steps | personal loan calculator metric | personal loan calculator example | personal loan calculator monthly payment | personal loan calculator Europe,Transactional tool + informational,/personal-loan-calculator,"Personal Loan Calculator – Free, Fast & Explained | FigureNest",Personal Loan Calculator,"Use FigureNest’s free personal loan calculator for fast results, clear inputs, worked examples, and an easy explanation of the formula.",Calculator; How it works; Formula; Worked example; Interpretation; FAQs; Related calculators,WebApplication + BreadcrumbList + FAQPage (only when visible FAQs exist),1,Heuristic opportunity tier; validate volume/difficulty before publishing,Backlog,200,,3243,2026-09-03,Write original copy and independently test calculations; do not copy competitor text.,29
6,Retirement,Finance,retirement-calculator,https://www.calculator.net/retirement-calculator.html,Retirement Calculator,"Free calculators that help with retirement planning with inflation, social security, life expectancy, and many more factors being taken into account.",Retirement Calculator,retirement calculator,free retirement calculator | online retirement calculator | retirement calculator formula | how to calculate retirement | retirement calculator with steps | retirement calculator metric | retirement calculator example | retirement calculator monthly payment | retirement calculator Europe,Transactional tool + informational,/retirement-calculator,"Retirement Calculator – Free, Fast & Explained | FigureNest",Retirement Calculator,"Use FigureNest’s free retirement calculator for fast results, clear inputs, worked examples, and an easy explanation of the formula.",Calculator; How it works; Formula; Worked example; Interpretation; FAQs; Related calculators,WebApplication + BreadcrumbList + FAQPage (only when visible FAQs exist),1,Heuristic opportunity tier; validate volume/difficulty before publishing,Backlog,200,,3226,2026-09-03,Write original copy and independently test calculations; do not copy competitor text.,30
15,Salary,Finance,salary-calculator,https://www.calculator.net/salary-calculator.html,Salary Calculator,"A free calculator to convert a salary between its hourly, biweekly, monthly, and annual amounts. Adjustments are made for holiday and vacation days.",Salary Calculator,salary calculator,free salary calculator | online salary calculator | salary calculator formula | how to calculate salary | salary calculator with steps | salary calculator metric | salary calculator example | salary calculator monthly payment | salary calculator Europe,Transactional tool + informational,/salary-calculator,"Salary Calculator – Free, Fast & Explained | FigureNest",Salary Calculator,"Use FigureNest’s free salary calculator for fast results, clear inputs, worked examples, and an easy explanation of the formula.",Calculator; How it works; Formula; Worked example; Interpretation; FAQs; Related calculators,WebApplication + BreadcrumbList + FAQPage (only when visible FAQs exist),1,Heuristic opportunity tier; validate volume/difficulty before publishing,Backlog,200,,3206,2026-09-03,Write original copy and independently test calculations; do not copy competitor text.,31
18,Sales Tax,Finance,sales-tax-calculator,https://www.calculator.net/sales-tax-calculator.html,Sales Tax Calculator,"Free calculator to find the sales tax amount/rate, before tax price, and after-tax price. Also, check the sales tax rates in different states of the U.S.",Sales Tax Calculator,sales tax calculator,free sales tax calculator | online sales tax calculator | sales tax calculator formula | how to calculate sales tax | sales tax calculator with steps | sales tax calculator metric | sales tax calculator example | sales tax calculator monthly payment | sales tax calculator Europe,Transactional tool + informational,/sales-tax-calculator,"Sales Tax Calculator – Free, Fast & Explained | FigureNest",Sales Tax Calculator,"Use FigureNest’s free sales tax calculator for fast results, clear inputs, worked examples, and an easy explanation of the formula.",Calculator; How it works; Formula; Worked example; Interpretation; FAQs; Related calculators,WebApplication + BreadcrumbList + FAQPage (only when visible FAQs exist),1,Heuristic opportunity tier; validate volume/difficulty before publishing,Backlog,200,,1708,2026-09-03,Write original copy and independently test calculations; do not copy competitor text.,32
65,Simple Interest,Finance,simple-interest-calculator,https://www.calculator.net/simple-interest-calculator.html,Simple Interest Calculator,This calculator computes the simple interest and end balance of a savings or investment account. It also calculates the other parameters of the simple interest formula.,Simple Interest Calculator,simple interest calculator,free simple interest calculator | online simple interest calculator | simple interest calculator formula | how to calculate simple interest | simple interest calculator with steps | simple interest calculator metric | simple interest calculator example | simple interest calculator monthly payment | simple interest calculator Europe,Transactional tool + informational,/simple-interest-calculator,"Simple Interest Calculator – Free, Fast & Explained | FigureNest",Simple Interest Calculator,"Use FigureNest’s free simple interest calculator for fast results, clear inputs, worked examples, and an easy explanation of the formula.",Calculator; How it works; Formula; Worked example; Interpretation; FAQs; Related calculators,WebApplication + BreadcrumbList + FAQPage (only when visible FAQs exist),1,Heuristic opportunity tier; validate volume/difficulty before publishing,Backlog,200,,2005,2026-09-03,Write original copy and independently test calculations; do not copy competitor text.,33
63,Student Loan,Finance,student-loan-calculator,https://www.calculator.net/student-loan-calculator.html,Student Loan Calculator,"Free calculator to evaluate student loans by estimating the interest cost, helping to understand the balance, and evaluating pay-off options.",Student Loan Calculator,student loan calculator,free student loan calculator | online student loan calculator | student loan calculator formula | how to calculate student loan | student loan calculator with steps | student loan calculator metric | student loan calculator example | student loan calculator monthly payment | student loan calculator Europe,Transactional tool + informational,/student-loan-calculator,"Student Loan Calculator – Free, Fast & Explained | FigureNest",Student Loan Calculator,"Use FigureNest’s free student loan calculator for fast results, clear inputs, worked examples, and an easy explanation of the formula.",Calculator; How it works; Formula; Worked example; Interpretation; FAQs; Related calculators,WebApplication + BreadcrumbList + FAQPage (only when visible FAQs exist),1,Heuristic opportunity tier; validate volume/difficulty before publishing,Backlog,200,,2297,2026-09-03,Write original copy and independently test calculations; do not copy competitor text.,34
13,Tax,Finance,tax-calculator,https://www.calculator.net/tax-calculator.html,Income Tax Calculator,Free online income tax calculator to estimate U.S federal tax refund or owed amount for both salary earners and independent contractors.,Income Tax Calculator,tax calculator,free tax calculator | online tax calculator | tax calculator formula | how to calculate tax | tax calculator with steps | tax calculator metric | tax calculator example | tax calculator monthly payment | tax calculator Europe,Transactional tool + informational,/tax-calculator,"Tax Calculator – Free, Fast & Explained | FigureNest",Tax Calculator,"Use FigureNest’s free tax calculator for fast results, clear inputs, worked examples, and an easy explanation of the formula.",Calculator; How it works; Formula; Worked example; Interpretation; FAQs; Related calculators,WebApplication + BreadcrumbList + FAQPage (only when visible FAQs exist),1,Heuristic opportunity tier; validate volume/difficulty before publishing,Backlog,200,,3707,2026-09-03,Write original copy and independently test calculations; do not copy competitor text.,35
93,Va Mortgage,Finance,va-mortgage-calculator,https://www.calculator.net/va-mortgage-calculator.html,VA Mortgage Calculator,"Free VA mortgage calculator to find the monthly payment, total interest, funding fee, and amortization details of a VA loan, or to learn more about VA loans.",VA Mortgage Calculator,va mortgage calculator,free va mortgage calculator | online va mortgage calculator | va mortgage calculator formula | how to calculate va mortgage | va mortgage calculator with steps | va mortgage calculator metric | va mortgage calculator example | va mortgage calculator monthly payment | va mortgage calculator Europe,Transactional tool + informational,/va-mortgage-calculator,"Va Mortgage Calculator – Free, Fast & Explained | FigureNest",Va Mortgage Calculator,"Use FigureNest’s free va mortgage calculator for fast results, clear inputs, worked examples, and an easy explanation of the formula.",Calculator; How it works; Formula; Worked example; Interpretation; FAQs; Related calculators,WebApplication + BreadcrumbList + FAQPage (only when visible FAQs exist),1,Heuristic opportunity tier; validate volume/difficulty before publishing,Backlog,200,,4691,2026-09-03,Write original copy and independently test calculations; do not copy competitor text.,36
195,Anorexic Bmi,Health & Fitness,anorexic-bmi-calculator,https://www.calculator.net/anorexic-bmi-calculator.html,Anorexic BMI Calculator,This free calculator computes BMI and relates the calculated value to standards used to indicate the possible presence of anorexia nervosa.,Anorexic BMI Calculator,anorexic bmi calculator,free anorexic bmi calculator | online anorexic bmi calculator | anorexic bmi calculator formula | how to calculate anorexic bmi | anorexic bmi calculator with steps | anorexic bmi calculator metric | anorexic bmi calculator example | anorexic bmi calculator metric units | anorexic bmi calculator by age,Transactional tool + informational,/anorexic-bmi-calculator,"Anorexic Bmi Calculator – Free, Fast & Explained | FigureNest",Anorexic Bmi Calculator,"Use FigureNest’s free anorexic bmi calculator for fast results, clear inputs, worked examples, and an easy explanation of the formula.",Calculator; How it works; Formula; Worked example; Interpretation; FAQs; Related calculators,WebApplication + BreadcrumbList + FAQPage (only when visible FAQs exist),1,Heuristic opportunity tier; validate volume/difficulty before publishing,Backlog,200,,572,2026-09-03,Write original copy and independently test calculations; do not copy competitor text.,37
102,Army Body Fat,Health & Fitness,army-body-fat-calculator,https://www.calculator.net/army-body-fat-calculator.html,Army Body Fat Calculator,This calculator computes body fat percentage using methods from the Army Body Fat Assessment of the Army Body Composition Program.,Army Body Fat Calculator,army body fat calculator,free army body fat calculator | online army body fat calculator | army body fat calculator formula | how to calculate army body fat | army body fat calculator with steps | army body fat calculator metric | army body fat calculator example | army body fat calculator metric units | army body fat calculator by age,Transactional tool + informational,/army-body-fat-calculator,"Army Body Fat Calculator – Free, Fast & Explained | FigureNest",Army Body Fat Calculator,"Use FigureNest’s free army body fat calculator for fast results, clear inputs, worked examples, and an easy explanation of the formula.",Calculator; How it works; Formula; Worked example; Interpretation; FAQs; Related calculators,WebApplication + BreadcrumbList + FAQPage (only when visible FAQs exist),1,Heuristic opportunity tier; validate volume/difficulty before publishing,Backlog,200,,603,2026-09-03,Write original copy and independently test calculations; do not copy competitor text.,38
19,Bmi,Health & Fitness,bmi-calculator,https://www.calculator.net/bmi-calculator.html,BMI Calculator,Free Body Mass Index calculator gives out the BMI value and categorizes BMI based on provided information from WHO and CDC for both adults and children.,BMI Calculator,bmi calculator,free bmi calculator | online bmi calculator | bmi calculator formula | how to calculate bmi | bmi calculator with steps | bmi calculator metric | bmi calculator example | bmi calculator metric units | bmi calculator by age,Transactional tool + informational,/bmi-calculator,"Bmi Calculator – Free, Fast & Explained | FigureNest",Bmi Calculator,"Use FigureNest’s free bmi calculator for fast results, clear inputs, worked examples, and an easy explanation of the formula.",Calculator; How it works; Formula; Worked example; Interpretation; FAQs; Related calculators,WebApplication + BreadcrumbList + FAQPage (only when visible FAQs exist),1,Heuristic opportunity tier; validate volume/difficulty before publishing,Backlog,200,,1912,2026-09-03,Write original copy and independently test calculations; do not copy competitor text.,39
21,Body Fat,Health & Fitness,body-fat-calculator,https://www.calculator.net/body-fat-calculator.html,Body Fat Calculator,This free body fat calculator estimates body fat percentage based on the U.S. Navy Method and the BMI method. It gives the loss needed to reach ideal body fat.,Body Fat Calculator,body fat calculator,free body fat calculator | online body fat calculator | body fat calculator formula | how to calculate body fat | body fat calculator with steps | body fat calculator metric | body fat calculator example | body fat calculator metric units | body fat calculator by age,Transactional tool + informational,/body-fat-calculator,"Body Fat Calculator – Free, Fast & Explained | FigureNest",Body Fat Calculator,"Use FigureNest’s free body fat calculator for fast results, clear inputs, worked examples, and an easy explanation of the formula.",Calculator; How it works; Formula; Worked example; Interpretation; FAQs; Related calculators,WebApplication + BreadcrumbList + FAQPage (only when visible FAQs exist),1,Heuristic opportunity tier; validate volume/difficulty before publishing,Backlog,200,,1777,2026-09-03,Write original copy and independently test calculations; do not copy competitor text.,40
20,Calorie,Health & Fitness,calorie-calculator,https://www.calculator.net/calorie-calculator.html,Calorie Calculator,"This calorie calculator estimates the number of calories needed each day to maintain, lose, or gain weight. Learn the kinds of calories and their effects.",Calorie Calculator,calorie calculator,free calorie calculator | online calorie calculator | calorie calculator formula | how to calculate calorie | calorie calculator with steps | calorie calculator metric | calorie calculator example | calorie calculator metric units | calorie calculator by age,Transactional tool + informational,/calorie-calculator,"Calorie Calculator – Free, Fast & Explained | FigureNest",Calorie Calculator,"Use FigureNest’s free calorie calculator for fast results, clear inputs, worked examples, and an easy explanation of the formula.",Calculator; How it works; Formula; Worked example; Interpretation; FAQs; Related calculators,WebApplication + BreadcrumbList + FAQPage (only when visible FAQs exist),1,Heuristic opportunity tier; validate volume/difficulty before publishing,Backlog,200,,4465,2026-09-03,Write original copy and independently test calculations; do not copy competitor text.,41
106,Calories Burned,Health & Fitness,calories-burned-calculator,https://www.calculator.net/calories-burned-calculator.html,Calories Burned Calculator,Free calculator to estimate the number of calories burned during routine daily activities or a workout based on activity duration.,Calories Burned Calculator,calories burned calculator,free calories burned calculator | online calories burned calculator | calories burned calculator formula | how to calculate calories burned | calories burned calculator with steps | calories burned calculator metric | calories burned calculator example | calories burned calculator metric units | calories burned calculator by age,Transactional tool + informational,/calories-burned-calculator,"Calories Burned Calculator – Free, Fast & Explained | FigureNest",Calories Burned Calculator,"Use FigureNest’s free calories burned calculator for fast results, clear inputs, worked examples, and an easy explanation of the formula.",Calculator; How it works; Formula; Worked example; Interpretation; FAQs; Related calculators,WebApplication + BreadcrumbList + FAQPage (only when visible FAQs exist),1,Heuristic opportunity tier; validate volume/difficulty before publishing,Backlog,200,,2485,2026-09-03,Write original copy and independently test calculations; do not copy competitor text.,42
28,Due Date,Health & Fitness,due-date-calculator,https://www.calculator.net/due-date-calculator.html,Due Date Calculator,"This free due date calculator estimates the due date based on the menstrual cycle, ultrasound, conception date, or IVF transfer date.",Due Date Calculator,due date calculator,free due date calculator | online due date calculator | due date calculator formula | how to calculate due date | due date calculator with steps | due date calculator metric | due date calculator example | due date calculator metric units | due date calculator by age,Transactional tool + informational,/due-date-calculator,"Due Date Calculator – Free, Fast & Explained | FigureNest",Due Date Calculator,"Use FigureNest’s free due date calculator for fast results, clear inputs, worked examples, and an easy explanation of the formula.",Calculator; How it works; Formula; Worked example; Interpretation; FAQs; Related calculators,WebApplication + BreadcrumbList + FAQPage (only when visible FAQs exist),1,Heuristic opportunity tier; validate volume/difficulty before publishing,Backlog,200,,1022,2026-09-03,Write original copy and independently test calculations; do not copy competitor text.,43
29,Pace,Health & Fitness,pace-calculator,https://www.calculator.net/pace-calculator.html,Pace Calculator,"This free pace calculator computes pace, time, and distance, given values for two of the variables. It can also be used for training purposes.",Pace Calculator,pace calculator,free pace calculator | online pace calculator | pace calculator formula | how to calculate pace | pace calculator with steps | pace calculator metric | pace calculator example | pace calculator metric units | pace calculator by age,Transactional tool + informational,/pace-calculator,"Pace Calculator – Free, Fast & Explained | FigureNest",Pace Calculator,"Use FigureNest’s free pace calculator for fast results, clear inputs, worked examples, and an easy explanation of the formula.",Calculator; How it works; Formula; Worked example; Interpretation; FAQs; Related calculators,WebApplication + BreadcrumbList + FAQPage (only when visible FAQs exist),1,Heuristic opportunity tier; validate volume/difficulty before publishing,Backlog,200,,2081,2026-09-03,Write original copy and independently test calculations; do not copy competitor text.,44
25,Pregnancy,Health & Fitness,pregnancy-calculator,https://www.calculator.net/pregnancy-calculator.html,Pregnancy Calculator,"This calculator provides an estimated pregnancy schedule based on the due date, last period date, ultrasound date, conception date, or IVF transfer date.",Pregnancy Calculator,pregnancy calculator,free pregnancy calculator | online pregnancy calculator | pregnancy calculator formula | how to calculate pregnancy | pregnancy calculator with steps | pregnancy calculator metric | pregnancy calculator example | pregnancy calculator metric units | pregnancy calculator by age,Transactional tool + informational,/pregnancy-calculator,"Pregnancy Calculator – Free, Fast & Explained | FigureNest",Pregnancy Calculator,"Use FigureNest’s free pregnancy calculator for fast results, clear inputs, worked examples, and an easy explanation of the formula.",Calculator; How it works; Formula; Worked example; Interpretation; FAQs; Related calculators,WebApplication + BreadcrumbList + FAQPage (only when visible FAQs exist),1,Heuristic opportunity tier; validate volume/difficulty before publishing,Backlog,200,,1397,2026-09-03,Write original copy and independently test calculations; do not copy competitor text.,45
27,Pregnancy Conception,Health & Fitness,pregnancy-conception-calculator,https://www.calculator.net/pregnancy-conception-calculator.html,Pregnancy Conception Calculator,"This free pregnancy conception calculator estimates a range of conception dates based on a provided due date, last period date, or ultrasound date.",Pregnancy Conception Calculator,pregnancy conception calculator,free pregnancy conception calculator | online pregnancy conception calculator | pregnancy conception calculator formula | how to calculate pregnancy conception | pregnancy conception calculator with steps | pregnancy conception calculator metric | pregnancy conception calculator example | pregnancy conception calculator metric units | pregnancy conception calculator by age,Transactional tool + informational,/pregnancy-conception-calculator,"Pregnancy Conception Calculator – Free, Fast & Explained | FigureNest",Pregnancy Conception Calculator,"Use FigureNest’s free pregnancy conception calculator for fast results, clear inputs, worked examples, and an easy explanation of the formula.",Calculator; How it works; Formula; Worked example; Interpretation; FAQs; Related calculators,WebApplication + BreadcrumbList + FAQPage (only when visible FAQs exist),1,Heuristic opportunity tier; validate volume/difficulty before publishing,Backlog,200,,936,2026-09-03,Write original copy and independently test calculations; do not copy competitor text.,46
26,Pregnancy Weight Gain,Health & Fitness,pregnancy-weight-gain-calculator,https://www.calculator.net/pregnancy-weight-gain-calculator.html,Pregnancy Weight Gain Calculator,This pregnancy weight gain calculator provides a recommended weight gain schedule on a week-by-week basis based on pre-pregnancy bodyweight and IOM guidelines.,Pregnancy Weight Gain Calculator,pregnancy weight gain calculator,free pregnancy weight gain calculator | online pregnancy weight gain calculator | pregnancy weight gain calculator formula | how to calculate pregnancy weight gain | pregnancy weight gain calculator with steps | pregnancy weight gain calculator metric | pregnancy weight gain calculator example | pregnancy weight gain calculator metric units | pregnancy weight gain calculator by age,Transactional tool + informational,/pregnancy-weight-gain-calculator,"Pregnancy Weight Gain Calculator – Free, Fast & Explained | FigureNest",Pregnancy Weight Gain Calculator,"Use FigureNest’s free pregnancy weight gain calculator for fast results, clear inputs, worked examples, and an easy explanation of the formula.",Calculator; How it works; Formula; Worked example; Interpretation; FAQs; Related calculators,WebApplication + BreadcrumbList + FAQPage (only when visible FAQs exist),1,Heuristic opportunity tier; validate volume/difficulty before publishing,Backlog,200,,1739,2026-09-03,Write original copy and independently test calculations; do not copy competitor text.,47
176,Sleep,Health & Fitness,sleep-calculator,https://www.calculator.net/sleep-calculator.html,Sleep Calculator,Calculator to compute the time to wake up or go to bed based on sleep cycle or duration of sleep required. Also learn more about sleep.,Sleep Calculator,sleep calculator,free sleep calculator | online sleep calculator | sleep calculator formula | how to calculate sleep | sleep calculator with steps | sleep calculator metric | sleep calculator example | sleep calculator metric units | sleep calculator by age,Transactional tool + informational,/sleep-calculator,"Sleep Calculator – Free, Fast & Explained | FigureNest",Sleep Calculator,"Use FigureNest’s free sleep calculator for fast results, clear inputs, worked examples, and an easy explanation of the formula.",Calculator; How it works; Formula; Worked example; Interpretation; FAQs; Related calculators,WebApplication + BreadcrumbList + FAQPage (only when visible FAQs exist),1,Heuristic opportunity tier; validate volume/difficulty before publishing,Backlog,200,,1287,2026-09-03,Write original copy and independently test calculations; do not copy competitor text.,48
152,Btu,Construction & Home,btu-calculator,https://www.calculator.net/btu-calculator.html,BTU Calculator,"Two free calculators estimate the number of BTUs needed to cool or heat a room or house based on its size, insulation, and some other conditions.",BTU Calculator,btu calculator,free btu calculator | online btu calculator | btu calculator formula | how to calculate btu | btu calculator with steps | btu calculator metric | btu calculator example | btu calculator metres | btu material estimate,Transactional tool + informational,/btu-calculator,"Btu Calculator – Free, Fast & Explained | FigureNest",Btu Calculator,"Use FigureNest’s free btu calculator for fast results, clear inputs, worked examples, and an easy explanation of the formula.",Calculator; How it works; Formula; Worked example; Interpretation; FAQs; Related calculators,WebApplication + BreadcrumbList + FAQPage (only when visible FAQs exist),2,Heuristic opportunity tier; validate volume/difficulty before publishing,Backlog,200,,1535,2026-09-03,Write original copy and independently test calculations; do not copy competitor text.,49
44,Concrete,Construction & Home,concrete-calculator,https://www.calculator.net/concrete-calculator.html,Concrete Calculator,This free concrete calculator estimates the amount of concrete necessary for a project and can account for different shapes and quantities.,Concrete Calculator,concrete calculator,free concrete calculator | online concrete calculator | concrete calculator formula | how to calculate concrete | concrete calculator with steps | concrete calculator metric | concrete calculator example | concrete calculator metres | concrete material estimate,Transactional tool + informational,/concrete-calculator,"Concrete Calculator – Free, Fast & Explained | FigureNest",Concrete Calculator,"Use FigureNest’s free concrete calculator for fast results, clear inputs, worked examples, and an easy explanation of the formula.",Calculator; How it works; Formula; Worked example; Interpretation; FAQs; Related calculators,WebApplication + BreadcrumbList + FAQPage (only when visible FAQs exist),2,Heuristic opportunity tier; validate volume/difficulty before publishing,Backlog,200,,554,2026-09-03,Write original copy and independently test calculations; do not copy competitor text.,50
181,Gravel,Construction & Home,gravel-calculator,https://www.calculator.net/gravel-calculator.html,Gravel Calculator,This free gravel calculator estimates the amount of gravel needed to cover an area. It can also estimate the cost.,Gravel Calculator,gravel calculator,free gravel calculator | online gravel calculator | gravel calculator formula | how to calculate gravel | gravel calculator with steps | gravel calculator metric | gravel calculator example | gravel calculator metres | gravel material estimate,Transactional tool + informational,/gravel-calculator,"Gravel Calculator – Free, Fast & Explained | FigureNest",Gravel Calculator,"Use FigureNest’s free gravel calculator for fast results, clear inputs, worked examples, and an easy explanation of the formula.",Calculator; How it works; Formula; Worked example; Interpretation; FAQs; Related calculators,WebApplication + BreadcrumbList + FAQPage (only when visible FAQs exist),2,Heuristic opportunity tier; validate volume/difficulty before publishing,Backlog,200,,1957,2026-09-03,Write original copy and independently test calculations; do not copy competitor text.,51
180,Mulch,Construction & Home,mulch-calculator,https://www.calculator.net/mulch-calculator.html,Mulch Calculator,"This free mulch calculator estimates the total amount of mulch needed to cover an area, such as a garden. It can also estimate the associated costs.",Mulch Calculator,mulch calculator,free mulch calculator | online mulch calculator | mulch calculator formula | how to calculate mulch | mulch calculator with steps | mulch calculator metric | mulch calculator example | mulch calculator metres | mulch material estimate,Transactional tool + informational,/mulch-calculator,"Mulch Calculator – Free, Fast & Explained | FigureNest",Mulch Calculator,"Use FigureNest’s free mulch calculator for fast results, clear inputs, worked examples, and an easy explanation of the formula.",Calculator; How it works; Formula; Worked example; Interpretation; FAQs; Related calculators,WebApplication + BreadcrumbList + FAQPage (only when visible FAQs exist),2,Heuristic opportunity tier; validate volume/difficulty before publishing,Backlog,200,,2335,2026-09-03,Write original copy and independently test calculations; do not copy competitor text.,52
178,Roofing,Construction & Home,roofing-calculator,https://www.calculator.net/roofing-calculator.html,Roofing Calculator,This free roofing calculator estimates the area of a roof and the number of materials required to replace or build the said roof.,Roofing Calculator,roofing calculator,free roofing calculator | online roofing calculator | roofing calculator formula | how to calculate roofing | roofing calculator with steps | roofing calculator metric | roofing calculator example | roofing calculator metres | roofing material estimate,Transactional tool + informational,/roofing-calculator,"Roofing Calculator – Free, Fast & Explained | FigureNest",Roofing Calculator,"Use FigureNest’s free roofing calculator for fast results, clear inputs, worked examples, and an easy explanation of the formula.",Calculator; How it works; Formula; Worked example; Interpretation; FAQs; Related calculators,WebApplication + BreadcrumbList + FAQPage (only when visible FAQs exist),2,Heuristic opportunity tier; validate volume/difficulty before publishing,Backlog,200,,981,2026-09-03,Write original copy and independently test calculations; do not copy competitor text.,53
153,Square Footage,Construction & Home,square-footage-calculator,https://www.calculator.net/square-footage-calculator.html,Square Footage Calculator,This free calculator estimates the square footage of a property and can account for various common lot shapes.,Square Footage Calculator,square footage calculator,free square footage calculator | online square footage calculator | square footage calculator formula | how to calculate square footage | square footage calculator with steps | square footage calculator metric | square footage calculator example | square footage calculator metres | square footage material estimate,Transactional tool + informational,/square-footage-calculator,"Square Footage Calculator – Free, Fast & Explained | FigureNest",Square Footage Calculator,"Use FigureNest’s free square footage calculator for fast results, clear inputs, worked examples, and an easy explanation of the formula.",Calculator; How it works; Formula; Worked example; Interpretation; FAQs; Related calculators,WebApplication + BreadcrumbList + FAQPage (only when visible FAQs exist),2,Heuristic opportunity tier; validate volume/difficulty before publishing,Backlog,200,,1455,2026-09-03,Write original copy and independently test calculations; do not copy competitor text.,54
161,Stair,Construction & Home,stair-calculator,https://www.calculator.net/stair-calculator.html,Stair Calculator,"This stair calculator computes stair parameters such as rise, total run, angle, and stringer length based on the height, run, tread, and headroom requirements.",Stair Calculator,stair calculator,free stair calculator | online stair calculator | stair calculator formula | how to calculate stair | stair calculator with steps | stair calculator metric | stair calculator example | stair calculator metres | stair material estimate,Transactional tool + informational,/stair-calculator,"Stair Calculator – Free, Fast & Explained | FigureNest",Stair Calculator,"Use FigureNest’s free stair calculator for fast results, clear inputs, worked examples, and an easy explanation of the formula.",Calculator; How it works; Formula; Worked example; Interpretation; FAQs; Related calculators,WebApplication + BreadcrumbList + FAQPage (only when visible FAQs exist),2,Heuristic opportunity tier; validate volume/difficulty before publishing,Backlog,200,,1409,2026-09-03,Write original copy and independently test calculations; do not copy competitor text.,55
179,Tile,Construction & Home,tile-calculator,https://www.calculator.net/tile-calculator.html,Tile Calculator,"This calculator estimates the number of tiles needed to cover an area such as a floor, wall, or roof. It can also account for the gap or overlap between tiles.",Tile Calculator,tile calculator,free tile calculator | online tile calculator | tile calculator formula | how to calculate tile | tile calculator with steps | tile calculator metric | tile calculator example | tile calculator metres | tile material estimate,Transactional tool + informational,/tile-calculator,"Tile Calculator – Free, Fast & Explained | FigureNest",Tile Calculator,"Use FigureNest’s free tile calculator for fast results, clear inputs, worked examples, and an easy explanation of the formula.",Calculator; How it works; Formula; Worked example; Interpretation; FAQs; Related calculators,WebApplication + BreadcrumbList + FAQPage (only when visible FAQs exist),2,Heuristic opportunity tier; validate volume/difficulty before publishing,Backlog,200,,823,2026-09-03,Write original copy and independently test calculations; do not copy competitor text.,56
202,Average,Math & Statistics,average-calculator,https://www.calculator.net/average-calculator.html,Average Calculator,"Free calculator to determine the average, or the arithmetic mean, of a given data set. It also returns the calculation steps, sum, count, and more.",Average Calculator,average calculator,free average calculator | online average calculator | average calculator formula | how to calculate average | average calculator with steps | average calculator metric | average calculator example | average calculator accurate | average calculator explained,Transactional tool + informational,/average-calculator,"Average Calculator – Free, Fast & Explained | FigureNest",Average Calculator,"Use FigureNest’s free average calculator for fast results, clear inputs, worked examples, and an easy explanation of the formula.",Calculator; How it works; Formula; Worked example; Interpretation; FAQs; Related calculators,WebApplication + BreadcrumbList + FAQPage (only when visible FAQs exist),2,Heuristic opportunity tier; validate volume/difficulty before publishing,Backlog,200,,244,2026-09-03,Write original copy and independently test calculations; do not copy competitor text.,57
76,Average Return,Math & Statistics,average-return-calculator,https://www.calculator.net/average-return-calculator.html,Average Return Calculator,Free calculator to find the average return of an investment considering all deposits and withdrawals or the average return of different holding lengths.,Average Return Calculator,average return calculator,free average return calculator | online average return calculator | average return calculator formula | how to calculate average return | average return calculator with steps | average return calculator metric | average return calculator example | average return calculator accurate | average return calculator explained,Transactional tool + informational,/average-return-calculator,"Average Return Calculator – Free, Fast & Explained | FigureNest",Average Return Calculator,"Use FigureNest’s free average return calculator for fast results, clear inputs, worked examples, and an easy explanation of the formula.",Calculator; How it works; Formula; Worked example; Interpretation; FAQs; Related calculators,WebApplication + BreadcrumbList + FAQPage (only when visible FAQs exist),2,Heuristic opportunity tier; validate volume/difficulty before publishing,Backlog,200,,908,2026-09-03,Write original copy and independently test calculations; do not copy competitor text.,58
31,Fraction,Math & Statistics,fraction-calculator,https://www.calculator.net/fraction-calculator.html,Fraction Calculator,"This free fraction calculator supports fraction addition, subtraction, multiplication, division, and conversion.",Fraction Calculator,fraction calculator,free fraction calculator | online fraction calculator | fraction calculator formula | how to calculate fraction | fraction calculator with steps | fraction calculator metric | fraction calculator example | fraction calculator accurate | fraction calculator explained,Transactional tool + informational,/fraction-calculator,"Fraction Calculator – Free, Fast & Explained | FigureNest",Fraction Calculator,"Use FigureNest’s free fraction calculator for fast results, clear inputs, worked examples, and an easy explanation of the formula.",Calculator; How it works; Formula; Worked example; Interpretation; FAQs; Related calculators,WebApplication + BreadcrumbList + FAQPage (only when visible FAQs exist),2,Heuristic opportunity tier; validate volume/difficulty before publishing,Backlog,200,,1318,2026-09-03,Write original copy and independently test calculations; do not copy competitor text.,59
32,Percent,Math & Statistics,percent-calculator,https://www.calculator.net/percent-calculator.html,Percentage Calculator,"This free percentage calculator computes a number of values involving percentages, including the percentage difference between two given values.",Percentage Calculator,percent calculator,free percent calculator | online percent calculator | percent calculator formula | how to calculate percent | percent calculator with steps | percent calculator metric | percent calculator example | percent calculator accurate | percent calculator explained,Transactional tool + informational,/percent-calculator,"Percent Calculator – Free, Fast & Explained | FigureNest",Percent Calculator,"Use FigureNest’s free percent calculator for fast results, clear inputs, worked examples, and an easy explanation of the formula.",Calculator; How it works; Formula; Worked example; Interpretation; FAQs; Related calculators,WebApplication + BreadcrumbList + FAQPage (only when visible FAQs exist),2,Heuristic opportunity tier; validate volume/difficulty before publishing,Backlog,200,,672,2026-09-03,Write original copy and independently test calculations; do not copy competitor text.,60
120,Percent Error,Math & Statistics,percent-error-calculator,https://www.calculator.net/percent-error-calculator.html,Percent Error Calculator,This free percent error calculator computes the percentage error between an observed value and the true value of a measurement.,Percent Error Calculator,percent error calculator,free percent error calculator | online percent error calculator | percent error calculator formula | how to calculate percent error | percent error calculator with steps | percent error calculator metric | percent error calculator example | percent error calculator accurate | percent error calculator explained,Transactional tool + informational,/percent-error-calculator,"Percent Error Calculator – Free, Fast & Explained | FigureNest",Percent Error Calculator,"Use FigureNest’s free percent error calculator for fast results, clear inputs, worked examples, and an easy explanation of the formula.",Calculator; How it works; Formula; Worked example; Interpretation; FAQs; Related calculators,WebApplication + BreadcrumbList + FAQPage (only when visible FAQs exist),2,Heuristic opportunity tier; validate volume/difficulty before publishing,Backlog,200,,675,2026-09-03,Write original copy and independently test calculations; do not copy competitor text.,61
194,Percent Off,Math & Statistics,percent-off-calculator,https://www.calculator.net/percent-off-calculator.html,Percent Off Calculator,Online calculator to compute the final price of something after a given percent off. It can also calculate a final price given a stackable additional discount.,Percent Off Calculator,percent off calculator,free percent off calculator | online percent off calculator | percent off calculator formula | how to calculate percent off | percent off calculator with steps | percent off calculator metric | percent off calculator example | percent off calculator accurate | percent off calculator explained,Transactional tool + informational,/percent-off-calculator,"Percent Off Calculator – Free, Fast & Explained | FigureNest",Percent Off Calculator,"Use FigureNest’s free percent off calculator for fast results, clear inputs, worked examples, and an easy explanation of the formula.",Calculator; How it works; Formula; Worked example; Interpretation; FAQs; Related calculators,WebApplication + BreadcrumbList + FAQPage (only when visible FAQs exist),2,Heuristic opportunity tier; validate volume/difficulty before publishing,Backlog,200,,560,2026-09-03,Write original copy and independently test calculations; do not copy competitor text.,62
30,Scientific,Math & Statistics,scientific-calculator,https://www.calculator.net/scientific-calculator.html,Scientific Calculator,This is an online scientific calculator with double-digit precision that supports both button click and keyboard type.,Scientific Calculator,scientific calculator,free scientific calculator | online scientific calculator | scientific calculator formula | how to calculate scientific | scientific calculator with steps | scientific calculator metric | scientific calculator example | scientific calculator accurate | scientific calculator explained,Transactional tool + informational,/scientific-calculator,"Scientific Calculator – Free, Fast & Explained | FigureNest",Scientific Calculator,"Use FigureNest’s free scientific calculator for fast results, clear inputs, worked examples, and an easy explanation of the formula.",Calculator; How it works; Formula; Worked example; Interpretation; FAQs; Related calculators,WebApplication + BreadcrumbList + FAQPage (only when visible FAQs exist),2,Heuristic opportunity tier; validate volume/difficulty before publishing,Backlog,200,,169,2026-09-03,Write original copy and independently test calculations; do not copy competitor text.,63
148,Scientific Notation,Math & Statistics,scientific-notation-calculator,https://www.calculator.net/scientific-notation-calculator.html,Scientific Notation Calculator,"Online tool to convert between number formats including scientific notation, E-notation, engineering notation, and real numbers.",Scientific Notation Calculator,scientific notation calculator,free scientific notation calculator | online scientific notation calculator | scientific notation calculator formula | how to calculate scientific notation | scientific notation calculator with steps | scientific notation calculator metric | scientific notation calculator example | scientific notation calculator accurate | scientific notation calculator explained,Transactional tool + informational,/scientific-notation-calculator,"Scientific Notation Calculator – Free, Fast & Explained | FigureNest",Scientific Notation Calculator,"Use FigureNest’s free scientific notation calculator for fast results, clear inputs, worked examples, and an easy explanation of the formula.",Calculator; How it works; Formula; Worked example; Interpretation; FAQs; Related calculators,WebApplication + BreadcrumbList + FAQPage (only when visible FAQs exist),2,Heuristic opportunity tier; validate volume/difficulty before publishing,Backlog,200,,978,2026-09-03,Write original copy and independently test calculations; do not copy competitor text.,64
188,Time Duration,Math & Statistics,time-duration-calculator,https://www.calculator.net/time-duration-calculator.html,Time Duration Calculator,"Free calculator to get the number of hours, minutes, and seconds between two times. Also, a full version to calculate the time duration between two dates.",Time Duration Calculator,time duration calculator,free time duration calculator | online time duration calculator | time duration calculator formula | how to calculate time duration | time duration calculator with steps | time duration calculator metric | time duration calculator example | time duration calculator accurate | time duration calculator explained,Transactional tool + informational,/time-duration-calculator,"Time Duration Calculator – Free, Fast & Explained | FigureNest",Time Duration Calculator,"Use FigureNest’s free time duration calculator for fast results, clear inputs, worked examples, and an easy explanation of the formula.",Calculator; How it works; Formula; Worked example; Interpretation; FAQs; Related calculators,WebApplication + BreadcrumbList + FAQPage (only when visible FAQs exist),2,Heuristic opportunity tier; validate volume/difficulty before publishing,Backlog,200,,550,2026-09-03,Write original copy and independently test calculations; do not copy competitor text.,65
151,Voltage Drop,Technology & Electrical,voltage-drop-calculator,https://www.calculator.net/voltage-drop-calculator.html,Voltage Drop Calculator,"This free voltage drop calculator estimates the voltage drop of an electrical circuit based on the wire size, distance, and anticipated load current.",Voltage Drop Calculator,voltage drop calculator,free voltage drop calculator | online voltage drop calculator | voltage drop calculator formula | how to calculate voltage drop | voltage drop calculator with steps | voltage drop calculator metric | voltage drop calculator example | voltage drop calculator accurate | voltage drop calculator explained,Transactional tool + informational,/voltage-drop-calculator,"Voltage Drop Calculator – Free, Fast & Explained | FigureNest",Voltage Drop Calculator,"Use FigureNest’s free voltage drop calculator for fast results, clear inputs, worked examples, and an easy explanation of the formula.",Calculator; How it works; Formula; Worked example; Interpretation; FAQs; Related calculators,WebApplication + BreadcrumbList + FAQPage (only when visible FAQs exist),2,Heuristic opportunity tier; validate volume/difficulty before publishing,Backlog,200,,2202,2026-09-03,Write original copy and independently test calculations; do not copy competitor text.,66
38,Date,Time & Date,date-calculator,https://www.calculator.net/date-calculator.html,Date Calculator,This free date calculator computes the difference between two dates. It can also add to or subtract from a date. Both can deal with business days and holidays.,Date Calculator,date calculator,free date calculator | online date calculator | date calculator formula | how to calculate date | date calculator with steps | date calculator metric | date calculator example | date calculator accurate | date calculator explained,Transactional tool + informational,/date-calculator,"Date Calculator – Free, Fast & Explained | FigureNest",Date Calculator,"Use FigureNest’s free date calculator for fast results, clear inputs, worked examples, and an easy explanation of the formula.",Calculator; How it works; Formula; Worked example; Interpretation; FAQs; Related calculators,WebApplication + BreadcrumbList + FAQPage (only when visible FAQs exist),2,Heuristic opportunity tier; validate volume/difficulty before publishing,Backlog,200,,3125,2026-09-03,Write original copy and independently test calculations; do not copy competitor text.,67
189,Day Counter,Time & Date,day-counter,https://www.calculator.net/day-counter.html,Day Counter,"Free day counter to calculate the number of days between two dates, including the number of working days, weekends, and holidays.",Day Counter,day counter calculator,free day counter calculator | online day counter calculator | day counter calculator formula | how to calculate day counter | day counter calculator with steps | day counter calculator metric | day counter calculator example | day counter calculator accurate | day counter calculator explained,Transactional tool + informational,/day-counter-calculator,"Day Counter Calculator – Free, Fast & Explained | FigureNest",Day Counter Calculator,"Use FigureNest’s free day counter calculator for fast results, clear inputs, worked examples, and an easy explanation of the formula.",Calculator; How it works; Formula; Worked example; Interpretation; FAQs; Related calculators,WebApplication + BreadcrumbList + FAQPage (only when visible FAQs exist),2,Heuristic opportunity tier; validate volume/difficulty before publishing,Backlog,200,,3379,2026-09-03,Write original copy and independently test calculations; do not copy competitor text.,68
190,Day Of The Week,Time & Date,day-of-the-week-calculator,https://www.calculator.net/day-of-the-week-calculator.html,Day of the Week Calculator,This weekday calculator can find the day of the week of any date. It also gives out a few fun facts as well as the calendar of the month.,Day of the Week Calculator,day of the week calculator,free day of the week calculator | online day of the week calculator | day of the week calculator formula | how to calculate day of the week | day of the week calculator with steps | day of the week calculator metric | day of the week calculator example | day of the week calculator accurate | day of the week calculator explained,Transactional tool + informational,/day-of-the-week-calculator,"Day Of The Week Calculator – Free, Fast & Explained | FigureNest",Day Of The Week Calculator,"Use FigureNest’s free day of the week calculator for fast results, clear inputs, worked examples, and an easy explanation of the formula.",Calculator; How it works; Formula; Worked example; Interpretation; FAQs; Related calculators,WebApplication + BreadcrumbList + FAQPage (only when visible FAQs exist),2,Heuristic opportunity tier; validate volume/difficulty before publishing,Backlog,200,,1113,2026-09-03,Write original copy and independently test calculations; do not copy competitor text.,69
40,Hours,Time & Date,hours-calculator,https://www.calculator.net/hours-calculator.html,Hours Calculator,This hours calculator computes the number of hours and minutes between two times. A full version can calculate the hours between two times on different dates.,Hours Calculator,hours calculator,free hours calculator | online hours calculator | hours calculator formula | how to calculate hours | hours calculator with steps | hours calculator metric | hours calculator example | hours calculator accurate | hours calculator explained,Transactional tool + informational,/hours-calculator,"Hours Calculator – Free, Fast & Explained | FigureNest",Hours Calculator,"Use FigureNest’s free hours calculator for fast results, clear inputs, worked examples, and an easy explanation of the formula.",Calculator; How it works; Formula; Worked example; Interpretation; FAQs; Related calculators,WebApplication + BreadcrumbList + FAQPage (only when visible FAQs exist),2,Heuristic opportunity tier; validate volume/difficulty before publishing,Backlog,200,,525,2026-09-03,Write original copy and independently test calculations; do not copy competitor text.,70
39,Time,Time & Date,time-calculator,https://www.calculator.net/time-calculator.html,Time Calculator,"This free time calculator can add or subtract time values in terms of number of days, hours, minutes, or seconds. Also, learn the different concepts of time.",Time Calculator,time calculator,free time calculator | online time calculator | time calculator formula | how to calculate time | time calculator with steps | time calculator metric | time calculator example | time calculator accurate | time calculator explained,Transactional tool + informational,/time-calculator,"Time Calculator – Free, Fast & Explained | FigureNest",Time Calculator,"Use FigureNest’s free time calculator for fast results, clear inputs, worked examples, and an easy explanation of the formula.",Calculator; How it works; Formula; Worked example; Interpretation; FAQs; Related calculators,WebApplication + BreadcrumbList + FAQPage (only when visible FAQs exist),2,Heuristic opportunity tier; validate volume/difficulty before publishing,Backlog,200,,2252,2026-09-03,Write original copy and independently test calculations; do not copy competitor text.,71
154,Time Card,Time & Date,time-card-calculator,https://www.calculator.net/time-card-calculator.html,Time Card Calculator,This free time card calculator generates weekly time reports based on provided work times and hourly rates. It can account for various overtime situations.,Time Card Calculator,time card calculator,free time card calculator | online time card calculator | time card calculator formula | how to calculate time card | time card calculator with steps | time card calculator metric | time card calculator example | time card calculator accurate | time card calculator explained,Transactional tool + informational,/time-card-calculator,"Time Card Calculator – Free, Fast & Explained | FigureNest",Time Card Calculator,"Use FigureNest’s free time card calculator for fast results, clear inputs, worked examples, and an easy explanation of the formula.",Calculator; How it works; Formula; Worked example; Interpretation; FAQs; Related calculators,WebApplication + BreadcrumbList + FAQPage (only when visible FAQs exist),2,Heuristic opportunity tier; validate volume/difficulty before publishing,Backlog,200,,1556,2026-09-03,Write original copy and independently test calculations; do not copy competitor text.,72
155,Time Zone,Time & Date,time-zone-calculator,https://www.calculator.net/time-zone-calculator.html,Time Zone Calculator,This calculator converts between different time zones around the world using the GMT format and provides a map delineating standard time zones globally.,Time Zone Calculator,time zone calculator,free time zone calculator | online time zone calculator | time zone calculator formula | how to calculate time zone | time zone calculator with steps | time zone calculator metric | time zone calculator example | time zone calculator accurate | time zone calculator explained,Transactional tool + informational,/time-zone-calculator,"Time Zone Calculator – Free, Fast & Explained | FigureNest",Time Zone Calculator,"Use FigureNest’s free time zone calculator for fast results, clear inputs, worked examples, and an easy explanation of the formula.",Calculator; How it works; Formula; Worked example; Interpretation; FAQs; Related calculators,WebApplication + BreadcrumbList + FAQPage (only when visible FAQs exist),2,Heuristic opportunity tier; validate volume/difficulty before publishing,Backlog,200,,1404,2026-09-03,Write original copy and independently test calculations; do not copy competitor text.,73
7,Amortization,Everyday & Converters,amortization-calculator,https://www.calculator.net/amortization-calculator.html,Amortization Calculator,"This amortization calculator returns monthly payment amounts as well as displays a schedule, graph, and pie chart breakdown of an amortized loan.",Amortization Calculator,amortization calculator,free amortization calculator | online amortization calculator | amortization calculator formula | how to calculate amortization | amortization calculator with steps | amortization calculator metric | amortization calculator example | amortization calculator accurate | amortization calculator explained,Transactional tool + informational,/amortization-calculator,"Amortization Calculator – Free, Fast & Explained | FigureNest",Amortization Calculator,"Use FigureNest’s free amortization calculator for fast results, clear inputs, worked examples, and an easy explanation of the formula.",Calculator; How it works; Formula; Worked example; Interpretation; FAQs; Related calculators,WebApplication + BreadcrumbList + FAQPage (only when visible FAQs exist),3,Heuristic opportunity tier; validate volume/difficulty before publishing,Backlog,200,,3537,2026-09-03,Write original copy and independently test calculations; do not copy competitor text.,74
200,Basic,Everyday & Converters,basic-calculator,https://www.calculator.net/basic-calculator.html,Basic Calculator,"This free online calculator can be used for basic computations such as addition, subtraction, multiplication, division, and square roots.",Basic Calculator,basic calculator,free basic calculator | online basic calculator | basic calculator formula | how to calculate basic | basic calculator with steps | basic calculator metric | basic calculator example | basic calculator accurate | basic calculator explained,Transactional tool + informational,/basic-calculator,"Basic Calculator – Free, Fast & Explained | FigureNest",Basic Calculator,"Use FigureNest’s free basic calculator for fast results, clear inputs, worked examples, and an easy explanation of the formula.",Calculator; How it works; Formula; Worked example; Interpretation; FAQs; Related calculators,WebApplication + BreadcrumbList + FAQPage (only when visible FAQs exist),3,Heuristic opportunity tier; validate volume/difficulty before publishing,Backlog,200,,114,2026-09-03,Write original copy and independently test calculations; do not copy competitor text.,75
46,Bra Size,Everyday & Converters,bra-size-calculator,https://www.calculator.net/bra-size-calculator.html,Bra Size Calculator,"This calculator estimates bra size based on bust size, frame size, and common measurement standards. Also, convert bra sizes in the US, UK, EU, and Australia.",Bra Size Calculator,bra size calculator,free bra size calculator | online bra size calculator | bra size calculator formula | how to calculate bra size | bra size calculator with steps | bra size calculator metric | bra size calculator example | bra size calculator accurate | bra size calculator explained,Transactional tool + informational,/bra-size-calculator,"Bra Size Calculator – Free, Fast & Explained | FigureNest",Bra Size Calculator,"Use FigureNest’s free bra size calculator for fast results, clear inputs, worked examples, and an easy explanation of the formula.",Calculator; How it works; Formula; Worked example; Interpretation; FAQs; Related calculators,WebApplication + BreadcrumbList + FAQPage (only when visible FAQs exist),3,Heuristic opportunity tier; validate volume/difficulty before publishing,Backlog,200,,984,2026-09-03,Write original copy and independently test calculations; do not copy competitor text.,76
66,Cd,Everyday & Converters,cd-calculator,https://www.calculator.net/cd-calculator.html,CD Calculator,"Free calculator to find the total interest, end balance, and the growth chart of a Certificate of Deposit with the option to consider income tax.",CD Calculator,cd calculator,free cd calculator | online cd calculator | cd calculator formula | how to calculate cd | cd calculator with steps | cd calculator metric | cd calculator example | cd calculator accurate | cd calculator explained,Transactional tool + informational,/cd-calculator,"Cd Calculator – Free, Fast & Explained | FigureNest",Cd Calculator,"Use FigureNest’s free cd calculator for fast results, clear inputs, worked examples, and an easy explanation of the formula.",Calculator; How it works; Formula; Worked example; Interpretation; FAQs; Related calculators,WebApplication + BreadcrumbList + FAQPage (only when visible FAQs exist),3,Heuristic opportunity tier; validate volume/difficulty before publishing,Backlog,200,,3005,2026-09-03,Write original copy and independently test calculations; do not copy competitor text.,77
64,College Cost,Everyday & Converters,college-cost-calculator,https://www.calculator.net/college-cost-calculator.html,College Cost Calculator,Free calculator to estimate how much college will cost in the U.S. using either the latest average college cost data or self-defined data.,College Cost Calculator,college cost calculator,free college cost calculator | online college cost calculator | college cost calculator formula | how to calculate college cost | college cost calculator with steps | college cost calculator metric | college cost calculator example | college cost calculator accurate | college cost calculator explained,Transactional tool + informational,/college-cost-calculator,"College Cost Calculator – Free, Fast & Explained | FigureNest",College Cost Calculator,"Use FigureNest’s free college cost calculator for fast results, clear inputs, worked examples, and an easy explanation of the formula.",Calculator; How it works; Formula; Worked example; Interpretation; FAQs; Related calculators,WebApplication + BreadcrumbList + FAQPage (only when visible FAQs exist),3,Heuristic opportunity tier; validate volume/difficulty before publishing,Backlog,200,,2831,2026-09-03,Write original copy and independently test calculations; do not copy competitor text.,78
48,Dice Roller,Everyday & Converters,dice-roller,https://www.calculator.net/dice-roller.html,Dice Roller,Online virtual dice roller that is capable of simultaneously rolling up to 100 dice randomly. A virtual dice roller with any number of sides is also provided.,Virtual Dice Roller,dice roller calculator,free dice roller calculator | online dice roller calculator | dice roller calculator formula | how to calculate dice roller | dice roller calculator with steps | dice roller calculator metric | dice roller calculator example | dice roller calculator accurate | dice roller calculator explained,Transactional tool + informational,/dice-roller-calculator,"Dice Roller Calculator – Free, Fast & Explained | FigureNest",Dice Roller Calculator,"Use FigureNest’s free dice roller calculator for fast results, clear inputs, worked examples, and an easy explanation of the formula.",Calculator; How it works; Formula; Worked example; Interpretation; FAQs; Related calculators,WebApplication + BreadcrumbList + FAQPage (only when visible FAQs exist),3,Heuristic opportunity tier; validate volume/difficulty before publishing,Backlog,200,,973,2026-09-03,Write original copy and independently test calculations; do not copy competitor text.,79
110,Fat Intake,Everyday & Converters,fat-intake-calculator,https://www.calculator.net/fat-intake-calculator.html,Fat Intake Calculator,"This free fat intake calculator estimates the amount of dietary fat a person should consume daily based on age, height, weight, and activity.",Fat Intake Calculator,fat intake calculator,free fat intake calculator | online fat intake calculator | fat intake calculator formula | how to calculate fat intake | fat intake calculator with steps | fat intake calculator metric | fat intake calculator example | fat intake calculator accurate | fat intake calculator explained,Transactional tool + informational,/fat-intake-calculator,"Fat Intake Calculator – Free, Fast & Explained | FigureNest",Fat Intake Calculator,"Use FigureNest’s free fat intake calculator for fast results, clear inputs, worked examples, and an easy explanation of the formula.",Calculator; How it works; Formula; Worked example; Interpretation; FAQs; Related calculators,WebApplication + BreadcrumbList + FAQPage (only when visible FAQs exist),3,Heuristic opportunity tier; validate volume/difficulty before publishing,Backlog,200,,1099,2026-09-03,Write original copy and independently test calculations; do not copy competitor text.,80
157,Gdp,Everyday & Converters,gdp-calculator,https://www.calculator.net/gdp-calculator.html,GDP Calculator,This free GDP calculator computes GDP using both the expenditure approach as well as the resource cost-income approach.,GDP Calculator,gdp calculator,free gdp calculator | online gdp calculator | gdp calculator formula | how to calculate gdp | gdp calculator with steps | gdp calculator metric | gdp calculator example | gdp calculator accurate | gdp calculator explained,Transactional tool + informational,/gdp-calculator,"Gdp Calculator – Free, Fast & Explained | FigureNest",Gdp Calculator,"Use FigureNest’s free gdp calculator for fast results, clear inputs, worked examples, and an easy explanation of the formula.",Calculator; How it works; Formula; Worked example; Interpretation; FAQs; Related calculators,WebApplication + BreadcrumbList + FAQPage (only when visible FAQs exist),3,Heuristic opportunity tier; validate volume/difficulty before publishing,Backlog,200,,1340,2026-09-03,Write original copy and independently test calculations; do not copy competitor text.,81
175,Golf Handicap,Everyday & Converters,golf-handicap-calculator,https://www.calculator.net/golf-handicap-calculator.html,Golf Handicap Calculator,Two free calculators for computing a golf player's course handicap and the player's World Handicap System (WHS) handicap index based on their past scores.,Golf Handicap Calculator,golf handicap calculator,free golf handicap calculator | online golf handicap calculator | golf handicap calculator formula | how to calculate golf handicap | golf handicap calculator with steps | golf handicap calculator metric | golf handicap calculator example | golf handicap calculator accurate | golf handicap calculator explained,Transactional tool + informational,/golf-handicap-calculator,"Golf Handicap Calculator – Free, Fast & Explained | FigureNest",Golf Handicap Calculator,"Use FigureNest’s free golf handicap calculator for fast results, clear inputs, worked examples, and an easy explanation of the formula.",Calculator; How it works; Formula; Worked example; Interpretation; FAQs; Related calculators,WebApplication + BreadcrumbList + FAQPage (only when visible FAQs exist),3,Heuristic opportunity tier; validate volume/difficulty before publishing,Backlog,200,,952,2026-09-03,Write original copy and independently test calculations; do not copy competitor text.,82
43,Height,Everyday & Converters,height-calculator,https://www.calculator.net/height-calculator.html,Height Calculator,This free height calculator predicts a child's adult height based on linear regression analysis. It can also convert between different units of height.,Height Calculator,height calculator,free height calculator | online height calculator | height calculator formula | how to calculate height | height calculator with steps | height calculator metric | height calculator example | height calculator accurate | height calculator explained,Transactional tool + informational,/height-calculator,"Height Calculator – Free, Fast & Explained | FigureNest",Height Calculator,"Use FigureNest’s free height calculator for fast results, clear inputs, worked examples, and an easy explanation of the formula.",Calculator; How it works; Formula; Worked example; Interpretation; FAQs; Related calculators,WebApplication + BreadcrumbList + FAQPage (only when visible FAQs exist),3,Heuristic opportunity tier; validate volume/difficulty before publishing,Backlog,200,,1675,2026-09-03,Write original copy and independently test calculations; do not copy competitor text.,83
95,Heloc,Everyday & Converters,heloc-calculator,https://www.calculator.net/heloc-calculator.html,HELOC Calculator,"Free calculator that finds the HELOC amount you can borrow, along with the monthly payment, interest, total cost, and APR after factoring in closing costs and fees.",Home Equity Line of Credit (HELOC) Calculator,heloc calculator,free heloc calculator | online heloc calculator | heloc calculator formula | how to calculate heloc | heloc calculator with steps | heloc calculator metric | heloc calculator example | heloc calculator accurate | heloc calculator explained,Transactional tool + informational,/heloc-calculator,"Heloc Calculator – Free, Fast & Explained | FigureNest",Heloc Calculator,"Use FigureNest’s free heloc calculator for fast results, clear inputs, worked examples, and an easy explanation of the formula.",Calculator; How it works; Formula; Worked example; Interpretation; FAQs; Related calculators,WebApplication + BreadcrumbList + FAQPage (only when visible FAQs exist),3,Heuristic opportunity tier; validate volume/difficulty before publishing,Backlog,200,,4360,2026-09-03,Write original copy and independently test calculations; do not copy competitor text.,84
49,House Affordability,Everyday & Converters,house-affordability-calculator,https://www.calculator.net/house-affordability-calculator.html,How Much House Can I Afford? - House Affordability Calculator,"Free house affordability calculator to estimate an affordable house price based on factors such as income, debt, down payment, or simply budget.",How Much House Can I Afford?,house affordability calculator,free house affordability calculator | online house affordability calculator | house affordability calculator formula | how to calculate house affordability | house affordability calculator with steps | house affordability calculator metric | house affordability calculator example | house affordability calculator accurate | house affordability calculator explained,Transactional tool + informational,/house-affordability-calculator,"House Affordability Calculator – Free, Fast & Explained | FigureNest",House Affordability Calculator,"Use FigureNest’s free house affordability calculator for fast results, clear inputs, worked examples, and an easy explanation of the formula.",Calculator; How it works; Formula; Worked example; Interpretation; FAQs; Related calculators,WebApplication + BreadcrumbList + FAQPage (only when visible FAQs exist),3,Heuristic opportunity tier; validate volume/difficulty before publishing,Backlog,200,,1884,2026-09-03,Write original copy and independently test calculations; do not copy competitor text.,85
156,Love,Everyday & Converters,love-calculator,https://www.calculator.net/love-calculator.html,Love Calculator,"This free calculator evaluates compatibility based on two names, returning a score from 0% to 100%, with a higher score indicating a better match.",Love Calculator,love calculator,free love calculator | online love calculator | love calculator formula | how to calculate love | love calculator with steps | love calculator metric | love calculator example | love calculator accurate | love calculator explained,Transactional tool + informational,/love-calculator,"Love Calculator – Free, Fast & Explained | FigureNest",Love Calculator,"Use FigureNest’s free love calculator for fast results, clear inputs, worked examples, and an easy explanation of the formula.",Calculator; How it works; Formula; Worked example; Interpretation; FAQs; Related calculators,WebApplication + BreadcrumbList + FAQPage (only when visible FAQs exist),3,Heuristic opportunity tier; validate volume/difficulty before publishing,Backlog,200,,766,2026-09-03,Write original copy and independently test calculations; do not copy competitor text.,86
107,One Rep Max,Everyday & Converters,one-rep-max-calculator,https://www.calculator.net/one-rep-max-calculator.html,One Rep Max Calculator,This free calculator estimates a person's one rep max (1RM) based on the number of repetitions they can perform with a given weight.,One Rep Max Calculator,one rep max calculator,free one rep max calculator | online one rep max calculator | one rep max calculator formula | how to calculate one rep max | one rep max calculator with steps | one rep max calculator metric | one rep max calculator example | one rep max calculator accurate | one rep max calculator explained,Transactional tool + informational,/one-rep-max-calculator,"One Rep Max Calculator – Free, Fast & Explained | FigureNest",One Rep Max Calculator,"Use FigureNest’s free one rep max calculator for fast results, clear inputs, worked examples, and an easy explanation of the formula.",Calculator; How it works; Formula; Worked example; Interpretation; FAQs; Related calculators,WebApplication + BreadcrumbList + FAQPage (only when visible FAQs exist),3,Heuristic opportunity tier; validate volume/difficulty before publishing,Backlog,200,,3101,2026-09-03,Write original copy and independently test calculations; do not copy competitor text.,87
81,Real Estate,Everyday & Converters,real-estate-calculator,https://www.calculator.net/real-estate-calculator.html,Real Estate Calculator,"A collection of calculators associated with real estates, such as mortgage, house affordability, refinance, FHA / VA loans, rental property, roofing, and more.",Real Estate Calculator,real estate calculator,free real estate calculator | online real estate calculator | real estate calculator formula | how to calculate real estate | real estate calculator with steps | real estate calculator metric | real estate calculator example | real estate calculator accurate | real estate calculator explained,Transactional tool + informational,/real-estate-calculator,"Real Estate Calculator – Free, Fast & Explained | FigureNest",Real Estate Calculator,"Use FigureNest’s free real estate calculator for fast results, clear inputs, worked examples, and an easy explanation of the formula.",Calculator; How it works; Formula; Worked example; Interpretation; FAQs; Related calculators,WebApplication + BreadcrumbList + FAQPage (only when visible FAQs exist),3,Heuristic opportunity tier; validate volume/difficulty before publishing,Backlog,200,,465,2026-09-03,Write original copy and independently test calculations; do not copy competitor text.,88
71,Rmd,Everyday & Converters,rmd-calculator,https://www.calculator.net/rmd-calculator.html,RMD Calculator,This calculator computes the Required Minimum Distribution (RMD) of your retirement accounts. It also predicts future distributions which can be used to plan ahead.,RMD Calculator,rmd calculator,free rmd calculator | online rmd calculator | rmd calculator formula | how to calculate rmd | rmd calculator with steps | rmd calculator metric | rmd calculator example | rmd calculator accurate | rmd calculator explained,Transactional tool + informational,/rmd-calculator,"Rmd Calculator – Free, Fast & Explained | FigureNest",Rmd Calculator,"Use FigureNest’s free rmd calculator for fast results, clear inputs, worked examples, and an easy explanation of the formula.",Calculator; How it works; Formula; Worked example; Interpretation; FAQs; Related calculators,WebApplication + BreadcrumbList + FAQPage (only when visible FAQs exist),3,Heuristic opportunity tier; validate volume/difficulty before publishing,Backlog,200,,3449,2026-09-03,Write original copy and independently test calculations; do not copy competitor text.,89
174,Roman Numeral,Everyday & Converters,roman-numeral-converter,https://www.calculator.net/roman-numeral-converter.html,Roman Numeral Converter,This free converter converts between Arabic numbers and Roman numerals. It also converts between dates in both formats.,Roman Numeral Converter,roman numeral calculator,free roman numeral calculator | online roman numeral calculator | roman numeral calculator formula | how to calculate roman numeral | roman numeral calculator with steps | roman numeral calculator metric | roman numeral calculator example | roman numeral calculator accurate | roman numeral calculator explained,Transactional tool + informational,/roman-numeral-converter-calculator,"Roman Numeral Calculator – Free, Fast & Explained | FigureNest",Roman Numeral Calculator,"Use FigureNest’s free roman numeral calculator for fast results, clear inputs, worked examples, and an easy explanation of the formula.",Calculator; How it works; Formula; Worked example; Interpretation; FAQs; Related calculators,WebApplication + BreadcrumbList + FAQPage (only when visible FAQs exist),3,Heuristic opportunity tier; validate volume/difficulty before publishing,Backlog,200,,1464,2026-09-03,Write original copy and independently test calculations; do not copy competitor text.,90
165,Shoe Size,Everyday & Converters,shoe-size-conversion,https://www.calculator.net/shoe-size-conversion.html,Shoe Size Conversion,"This free tool converts between shoe sizes used in the U.S., Canada, UK, India, EU, Japan, Mexico, and China and can also convert between shoe sizes in these countries and foot length.",Shoe Size Conversion,shoe size calculator,free shoe size calculator | online shoe size calculator | shoe size calculator formula | how to calculate shoe size | shoe size calculator with steps | shoe size calculator metric | shoe size calculator example | shoe size calculator accurate | shoe size calculator explained,Transactional tool + informational,/shoe-size-conversion-calculator,"Shoe Size Calculator – Free, Fast & Explained | FigureNest",Shoe Size Calculator,"Use FigureNest’s free shoe size calculator for fast results, clear inputs, worked examples, and an easy explanation of the formula.",Calculator; How it works; Formula; Worked example; Interpretation; FAQs; Related calculators,WebApplication + BreadcrumbList + FAQPage (only when visible FAQs exist),3,Heuristic opportunity tier; validate volume/difficulty before publishing,Backlog,200,,2634,2026-09-03,Write original copy and independently test calculations; do not copy competitor text.,91
55,Social Security,Everyday & Converters,social-security-calculator,https://www.calculator.net/social-security-calculator.html,Social Security Calculator,"Free Social Security calculator to find the best age to start SS benefits, or to compare the differences between starting SS at different ages in the U.S.",Social Security Calculator,social security calculator,free social security calculator | online social security calculator | social security calculator formula | how to calculate social security | social security calculator with steps | social security calculator metric | social security calculator example | social security calculator accurate | social security calculator explained,Transactional tool + informational,/social-security-calculator,"Social Security Calculator – Free, Fast & Explained | FigureNest",Social Security Calculator,"Use FigureNest’s free social security calculator for fast results, clear inputs, worked examples, and an easy explanation of the formula.",Calculator; How it works; Formula; Worked example; Interpretation; FAQs; Related calculators,WebApplication + BreadcrumbList + FAQPage (only when visible FAQs exist),3,Heuristic opportunity tier; validate volume/difficulty before publishing,Backlog,200,,3390,2026-09-03,Write original copy and independently test calculations; do not copy competitor text.,92
82,Take Home Pay,Everyday & Converters,take-home-pay-calculator,https://www.calculator.net/take-home-pay-calculator.html,Take-Home-Paycheck Calculator,"Free calculator to find the actual paycheck amount taken home after taxes and deductions from salary, or to learn more about income tax in the U.S.",Take-Home-Paycheck Calculator,take home pay calculator,free take home pay calculator | online take home pay calculator | take home pay calculator formula | how to calculate take home pay | take home pay calculator with steps | take home pay calculator metric | take home pay calculator example | take home pay calculator accurate | take home pay calculator explained,Transactional tool + informational,/take-home-pay-calculator,"Take Home Pay Calculator – Free, Fast & Explained | FigureNest",Take Home Pay Calculator,"Use FigureNest’s free take home pay calculator for fast results, clear inputs, worked examples, and an easy explanation of the formula.",Calculator; How it works; Formula; Worked example; Interpretation; FAQs; Related calculators,WebApplication + BreadcrumbList + FAQPage (only when visible FAQs exist),3,Heuristic opportunity tier; validate volume/difficulty before publishing,Backlog,200,,4295,2026-09-03,Write original copy and independently test calculations; do not copy competitor text.,93
177,Tire Size,Everyday & Converters,tire-size-calculator,https://www.calculator.net/tire-size-calculator.html,Tire Size Calculator,Free calculator to find the dimensions of a tire based on its code. It also helps in choosing alternative tire sizes based on rim size or comparing two tires.,Tire Size Calculator,tire size calculator,free tire size calculator | online tire size calculator | tire size calculator formula | how to calculate tire size | tire size calculator with steps | tire size calculator metric | tire size calculator example | tire size calculator accurate | tire size calculator explained,Transactional tool + informational,/tire-size-calculator,"Tire Size Calculator – Free, Fast & Explained | FigureNest",Tire Size Calculator,"Use FigureNest’s free tire size calculator for fast results, clear inputs, worked examples, and an easy explanation of the formula.",Calculator; How it works; Formula; Worked example; Interpretation; FAQs; Related calculators,WebApplication + BreadcrumbList + FAQPage (only when visible FAQs exist),3,Heuristic opportunity tier; validate volume/difficulty before publishing,Backlog,200,,1812,2026-09-03,Write original copy and independently test calculations; do not copy competitor text.,94
72,Vat,Everyday & Converters,vat-calculator,https://www.calculator.net/vat-calculator.html,VAT Calculator,"Free VAT (value-added tax) calculator to find any value of the net before VAT tax amount, tax price, VAT tax rate, and final VAT inclusive price.",VAT Calculator,vat calculator,free vat calculator | online vat calculator | vat calculator formula | how to calculate vat | vat calculator with steps | vat calculator metric | vat calculator example | vat calculator accurate | vat calculator explained,Transactional tool + informational,/vat-calculator,"Vat Calculator – Free, Fast & Explained | FigureNest",Vat Calculator,"Use FigureNest’s free vat calculator for fast results, clear inputs, worked examples, and an easy explanation of the formula.",Calculator; How it works; Formula; Worked example; Interpretation; FAQs; Related calculators,WebApplication + BreadcrumbList + FAQPage (only when visible FAQs exist),3,Heuristic opportunity tier; validate volume/difficulty before publishing,Backlog,200,,1107,2026-09-03,Write original copy and independently test calculations; do not copy competitor text.,95
16,401K,Finance,401k-calculator,https://www.calculator.net/401k-calculator.html,401K Calculator,Free 401K calculator to plan and estimate a 401K balance and payout amount in retirement or help with early withdrawals or maximizing employer match.,401K Calculator,401k calculator,free 401k calculator | online 401k calculator | 401k calculator formula | how to calculate 401k | 401k calculator with steps | 401k calculator metric | 401k calculator example | 401k calculator monthly payment | 401k calculator Europe,Transactional tool + informational,/401k-calculator,"401K Calculator – Free, Fast & Explained | FigureNest",401K Calculator,"Use FigureNest’s free 401k calculator for fast results, clear inputs, worked examples, and an easy explanation of the formula.",Calculator; How it works; Formula; Worked example; Interpretation; FAQs; Related calculators,WebApplication + BreadcrumbList + FAQPage (only when visible FAQs exist),3,Heuristic opportunity tier; validate volume/difficulty before publishing,Backlog,200,,3688,2026-09-03,Write original copy and independently test calculations; do not copy competitor text.,96
56,Annuity,Finance,annuity-calculator,https://www.calculator.net/annuity-calculator.html,Annuity Calculator,Free annuity calculator to forecast the growth of an annuity with optional annual or monthly additions using either annuity due or immediate annuity.,Annuity Calculator,annuity calculator,free annuity calculator | online annuity calculator | annuity calculator formula | how to calculate annuity | annuity calculator with steps | annuity calculator metric | annuity calculator example | annuity calculator monthly payment | annuity calculator Europe,Transactional tool + informational,/annuity-calculator,"Annuity Calculator – Free, Fast & Explained | FigureNest",Annuity Calculator,"Use FigureNest’s free annuity calculator for fast results, clear inputs, worked examples, and an easy explanation of the formula.",Calculator; How it works; Formula; Worked example; Interpretation; FAQs; Related calculators,WebApplication + BreadcrumbList + FAQPage (only when visible FAQs exist),3,Heuristic opportunity tier; validate volume/difficulty before publishing,Backlog,200,,4703,2026-09-03,Write original copy and independently test calculations; do not copy competitor text.,97
57,Annuity Payout,Finance,annuity-payout-calculator,https://www.calculator.net/annuity-payout-calculator.html,Annuity Payout Calculator,Free annuity payout calculator to find the payout amount based on fixed-length or to find the length the fund can last based on a given payment amount.,Annuity Payout Calculator,annuity payout calculator,free annuity payout calculator | online annuity payout calculator | annuity payout calculator formula | how to calculate annuity payout | annuity payout calculator with steps | annuity payout calculator metric | annuity payout calculator example | annuity payout calculator monthly payment | annuity payout calculator Europe,Transactional tool + informational,/annuity-payout-calculator,"Annuity Payout Calculator – Free, Fast & Explained | FigureNest",Annuity Payout Calculator,"Use FigureNest’s free annuity payout calculator for fast results, clear inputs, worked examples, and an easy explanation of the formula.",Calculator; How it works; Formula; Worked example; Interpretation; FAQs; Related calculators,WebApplication + BreadcrumbList + FAQPage (only when visible FAQs exist),3,Heuristic opportunity tier; validate volume/difficulty before publishing,Backlog,200,,3107,2026-09-03,Write original copy and independently test calculations; do not copy competitor text.,98
91,Apr,Finance,apr-calculator,https://www.calculator.net/apr-calculator.html,APR Calculator,"Free calculator to find out the real APR of a loan, considering all the fees and extra charges. There is also a version specially designed for mortgage loans.",APR Calculator,apr calculator,free apr calculator | online apr calculator | apr calculator formula | how to calculate apr | apr calculator with steps | apr calculator metric | apr calculator example | apr calculator monthly payment | apr calculator Europe,Transactional tool + informational,/apr-calculator,"Apr Calculator – Free, Fast & Explained | FigureNest",Apr Calculator,"Use FigureNest’s free apr calculator for fast results, clear inputs, worked examples, and an easy explanation of the formula.",Calculator; How it works; Formula; Worked example; Interpretation; FAQs; Related calculators,WebApplication + BreadcrumbList + FAQPage (only when visible FAQs exist),3,Heuristic opportunity tier; validate volume/difficulty before publishing,Backlog,200,,1691,2026-09-03,Write original copy and independently test calculations; do not copy competitor text.,99
74,Auto Lease,Finance,auto-lease-calculator,https://www.calculator.net/auto-lease-calculator.html,Auto Lease Calculator,Free auto lease calculator to find the monthly payment and total cost for an auto lease. It also compares the cost of leasing to that of purchasing a vehicle.,Auto Lease Calculator,auto lease calculator,free auto lease calculator | online auto lease calculator | auto lease calculator formula | how to calculate auto lease | auto lease calculator with steps | auto lease calculator metric | auto lease calculator example | auto lease calculator monthly payment | auto lease calculator Europe,Transactional tool + informational,/auto-lease-calculator,"Auto Lease Calculator – Free, Fast & Explained | FigureNest",Auto Lease Calculator,"Use FigureNest’s free auto lease calculator for fast results, clear inputs, worked examples, and an easy explanation of the formula.",Calculator; How it works; Formula; Worked example; Interpretation; FAQs; Related calculators,WebApplication + BreadcrumbList + FAQPage (only when visible FAQs exist),3,Heuristic opportunity tier; validate volume/difficulty before publishing,Backlog,200,,2730,2026-09-03,Write original copy and independently test calculations; do not copy competitor text.,100
67,Bond,Finance,bond-calculator,https://www.calculator.net/bond-calculator.html,Bond Calculator,Free calculator to compute various parameters of a bond. It also provides the price and accrued interest for bonds not traded at the coupon date.,Bond Calculator,bond calculator,free bond calculator | online bond calculator | bond calculator formula | how to calculate bond | bond calculator with steps | bond calculator metric | bond calculator example | bond calculator monthly payment | bond calculator Europe,Transactional tool + informational,/bond-calculator,"Bond Calculator – Free, Fast & Explained | FigureNest",Bond Calculator,"Use FigureNest’s free bond calculator for fast results, clear inputs, worked examples, and an easy explanation of the formula.",Calculator; How it works; Formula; Worked example; Interpretation; FAQs; Related calculators,WebApplication + BreadcrumbList + FAQPage (only when visible FAQs exist),3,Heuristic opportunity tier; validate volume/difficulty before publishing,Backlog,200,,2180,2026-09-03,Write original copy and independently test calculations; do not copy competitor text.,101
87,Budget,Finance,budget-calculator,https://www.calculator.net/budget-calculator.html,Budget Calculator,"Detailed free budget calculator to plan personal finances with Debt-to-Income (DTI) ratio and expense breakdown. Also, download our free budget template.",Budget Calculator,budget calculator,free budget calculator | online budget calculator | budget calculator formula | how to calculate budget | budget calculator with steps | budget calculator metric | budget calculator example | budget calculator monthly payment | budget calculator Europe,Transactional tool + informational,/budget-calculator,"Budget Calculator – Free, Fast & Explained | FigureNest",Budget Calculator,"Use FigureNest’s free budget calculator for fast results, clear inputs, worked examples, and an easy explanation of the formula.",Calculator; How it works; Formula; Worked example; Interpretation; FAQs; Related calculators,WebApplication + BreadcrumbList + FAQPage (only when visible FAQs exist),3,Heuristic opportunity tier; validate volume/difficulty before publishing,Backlog,200,,2718,2026-09-03,Write original copy and independently test calculations; do not copy competitor text.,102
101,Commission,Finance,commission-calculator,https://www.calculator.net/commission-calculator.html,Commission Calculator,"Free calculator to compute simple percentage commission, tiered commission, or commission that includes a base amount.",Commission Calculator,commission calculator,free commission calculator | online commission calculator | commission calculator formula | how to calculate commission | commission calculator with steps | commission calculator metric | commission calculator example | commission calculator monthly payment | commission calculator Europe,Transactional tool + informational,/commission-calculator,"Commission Calculator – Free, Fast & Explained | FigureNest",Commission Calculator,"Use FigureNest’s free commission calculator for fast results, clear inputs, worked examples, and an easy explanation of the formula.",Calculator; How it works; Formula; Worked example; Interpretation; FAQs; Related calculators,WebApplication + BreadcrumbList + FAQPage (only when visible FAQs exist),3,Heuristic opportunity tier; validate volume/difficulty before publishing,Backlog,200,,1285,2026-09-03,Write original copy and independently test calculations; do not copy competitor text.,103
58,Credit Card,Finance,credit-card-calculator,https://www.calculator.net/credit-card-calculator.html,Credit Card Calculator,"Free credit card calculator to find the time it will take to pay off a balance, or the amount necessary to pay it off within a certain time frame.",Credit Card Calculator,credit card calculator,free credit card calculator | online credit card calculator | credit card calculator formula | how to calculate credit card | credit card calculator with steps | credit card calculator metric | credit card calculator example | credit card calculator monthly payment | credit card calculator Europe,Transactional tool + informational,/credit-card-calculator,"Credit Card Calculator – Free, Fast & Explained | FigureNest",Credit Card Calculator,"Use FigureNest’s free credit card calculator for fast results, clear inputs, worked examples, and an easy explanation of the formula.",Calculator; How it works; Formula; Worked example; Interpretation; FAQs; Related calculators,WebApplication + BreadcrumbList + FAQPage (only when visible FAQs exist),3,Heuristic opportunity tier; validate volume/difficulty before publishing,Backlog,200,,3361,2026-09-03,Write original copy and independently test calculations; do not copy competitor text.,104
59,Credit Card Payoff,Finance,credit-card-payoff-calculator,https://www.calculator.net/credit-card-payoff-calculator.html,Credit Cards Payoff Calculator,Free credit card payoff calculator for finding the best way to pay off multiple credit cards and estimating the length of time it would take.,Credit Cards Payoff Calculator,credit card payoff calculator,free credit card payoff calculator | online credit card payoff calculator | credit card payoff calculator formula | how to calculate credit card payoff | credit card payoff calculator with steps | credit card payoff calculator metric | credit card payoff calculator example | credit card payoff calculator monthly payment | credit card payoff calculator Europe,Transactional tool + informational,/credit-card-payoff-calculator,"Credit Card Payoff Calculator – Free, Fast & Explained | FigureNest",Credit Card Payoff Calculator,"Use FigureNest’s free credit card payoff calculator for fast results, clear inputs, worked examples, and an easy explanation of the formula.",Calculator; How it works; Formula; Worked example; Interpretation; FAQs; Related calculators,WebApplication + BreadcrumbList + FAQPage (only when visible FAQs exist),3,Heuristic opportunity tier; validate volume/difficulty before publishing,Backlog,200,,1629,2026-09-03,Write original copy and independently test calculations; do not copy competitor text.,105
61,Debt Consolidation,Finance,debt-consolidation-calculator,https://www.calculator.net/debt-consolidation-calculator.html,Debt Consolidation Calculator,"Free debt consolidation calculator to evaluate the consolidation of debts such as credit cards debts, auto loans, or personal loans based on the real cost.",Debt Consolidation Calculator,debt consolidation calculator,free debt consolidation calculator | online debt consolidation calculator | debt consolidation calculator formula | how to calculate debt consolidation | debt consolidation calculator with steps | debt consolidation calculator metric | debt consolidation calculator example | debt consolidation calculator monthly payment | debt consolidation calculator Europe,Transactional tool + informational,/debt-consolidation-calculator,"Debt Consolidation Calculator – Free, Fast & Explained | FigureNest",Debt Consolidation Calculator,"Use FigureNest’s free debt consolidation calculator for fast results, clear inputs, worked examples, and an easy explanation of the formula.",Calculator; How it works; Formula; Worked example; Interpretation; FAQs; Related calculators,WebApplication + BreadcrumbList + FAQPage (only when visible FAQs exist),3,Heuristic opportunity tier; validate volume/difficulty before publishing,Backlog,200,,1160,2026-09-03,Write original copy and independently test calculations; do not copy competitor text.,106
60,Debt Payoff,Finance,debt-payoff-calculator,https://www.calculator.net/debt-payoff-calculator.html,Debt Payoff Calculator,"Free calculator for finding the best way to pay off multiple debts such as those related to credit cards, auto loans, or mortgages.",Debt Payoff Calculator,debt payoff calculator,free debt payoff calculator | online debt payoff calculator | debt payoff calculator formula | how to calculate debt payoff | debt payoff calculator with steps | debt payoff calculator metric | debt payoff calculator example | debt payoff calculator monthly payment | debt payoff calculator Europe,Transactional tool + informational,/debt-payoff-calculator,"Debt Payoff Calculator – Free, Fast & Explained | FigureNest",Debt Payoff Calculator,"Use FigureNest’s free debt payoff calculator for fast results, clear inputs, worked examples, and an easy explanation of the formula.",Calculator; How it works; Formula; Worked example; Interpretation; FAQs; Related calculators,WebApplication + BreadcrumbList + FAQPage (only when visible FAQs exist),3,Heuristic opportunity tier; validate volume/difficulty before publishing,Backlog,200,,1842,2026-09-03,Write original copy and independently test calculations; do not copy competitor text.,107
80,Debt Ratio,Finance,debt-ratio-calculator,https://www.calculator.net/debt-ratio-calculator.html,Debt-to-Income (DTI) Ratio Calculator,Free calculator to find both the front end and back end Debt-to-Income (DTI) ratio for personal finance use. It can also estimate house affordability.,Debt-to-Income (DTI) Ratio Calculator,debt ratio calculator,free debt ratio calculator | online debt ratio calculator | debt ratio calculator formula | how to calculate debt ratio | debt ratio calculator with steps | debt ratio calculator metric | debt ratio calculator example | debt ratio calculator monthly payment | debt ratio calculator Europe,Transactional tool + informational,/debt-ratio-calculator,"Debt Ratio Calculator – Free, Fast & Explained | FigureNest",Debt Ratio Calculator,"Use FigureNest’s free debt ratio calculator for fast results, clear inputs, worked examples, and an easy explanation of the formula.",Calculator; How it works; Formula; Worked example; Interpretation; FAQs; Related calculators,WebApplication + BreadcrumbList + FAQPage (only when visible FAQs exist),3,Heuristic opportunity tier; validate volume/difficulty before publishing,Backlog,200,,1135,2026-09-03,Write original copy and independently test calculations; do not copy competitor text.,108
75,Depreciation,Finance,depreciation-calculator,https://www.calculator.net/depreciation-calculator.html,Depreciation Calculator,"Free depreciation calculator using the straight line, declining balance, or sum of the year's digits methods with the option of partial year depreciation.",Depreciation Calculator,depreciation calculator,free depreciation calculator | online depreciation calculator | depreciation calculator formula | how to calculate depreciation | depreciation calculator with steps | depreciation calculator metric | depreciation calculator example | depreciation calculator monthly payment | depreciation calculator Europe,Transactional tool + informational,/depreciation-calculator,"Depreciation Calculator – Free, Fast & Explained | FigureNest",Depreciation Calculator,"Use FigureNest’s free depreciation calculator for fast results, clear inputs, worked examples, and an easy explanation of the formula.",Calculator; How it works; Formula; Worked example; Interpretation; FAQs; Related calculators,WebApplication + BreadcrumbList + FAQPage (only when visible FAQs exist),3,Heuristic opportunity tier; validate volume/difficulty before publishing,Backlog,200,,1018,2026-09-03,Write original copy and independently test calculations; do not copy competitor text.,109
96,Down Payment,Finance,down-payment-calculator,https://www.calculator.net/down-payment-calculator.html,Down Payment Calculator,"Free down payment calculator to find the amount of upfront cash needed, down payment percentage, or an affordable home price based on 3 potential situations.",Down Payment Calculator,down payment calculator,free down payment calculator | online down payment calculator | down payment calculator formula | how to calculate down payment | down payment calculator with steps | down payment calculator metric | down payment calculator example | down payment calculator monthly payment | down payment calculator Europe,Transactional tool + informational,/down-payment-calculator,"Down Payment Calculator – Free, Fast & Explained | FigureNest",Down Payment Calculator,"Use FigureNest’s free down payment calculator for fast results, clear inputs, worked examples, and an easy explanation of the formula.",Calculator; How it works; Formula; Worked example; Interpretation; FAQs; Related calculators,WebApplication + BreadcrumbList + FAQPage (only when visible FAQs exist),3,Heuristic opportunity tier; validate volume/difficulty before publishing,Backlog,200,,1944,2026-09-03,Write original copy and independently test calculations; do not copy competitor text.,110
11,Finance,Finance,finance-calculator,https://www.calculator.net/finance-calculator.html,Finance Calculator,"Free online finance calculator to find the future value (FV), compounding periods (N), interest rate (I/Y), periodic payment (PMT), and present value (PV).",Finance Calculator,finance calculator,free finance calculator | online finance calculator | finance calculator formula | how to calculate finance | finance calculator with steps | finance calculator metric | finance calculator example | finance calculator monthly payment | finance calculator Europe,Transactional tool + informational,/finance-calculator,"Finance Calculator – Free, Fast & Explained | FigureNest",Finance Calculator,"Use FigureNest’s free finance calculator for fast results, clear inputs, worked examples, and an easy explanation of the formula.",Calculator; How it works; Formula; Worked example; Interpretation; FAQs; Related calculators,WebApplication + BreadcrumbList + FAQPage (only when visible FAQs exist),3,Heuristic opportunity tier; validate volume/difficulty before publishing,Backlog,200,,2062,2026-09-03,Write original copy and independently test calculations; do not copy competitor text.,111
100,Future Value,Finance,future-value-calculator,https://www.calculator.net/future-value-calculator.html,Future Value Calculator,Free calculator to find the future value and display a growth chart of a present amount or periodic deposits.,Future Value Calculator,future value calculator,free future value calculator | online future value calculator | future value calculator formula | how to calculate future value | future value calculator with steps | future value calculator metric | future value calculator example | future value calculator monthly payment | future value calculator Europe,Transactional tool + informational,/future-value-calculator,"Future Value Calculator – Free, Fast & Explained | FigureNest",Future Value Calculator,"Use FigureNest’s free future value calculator for fast results, clear inputs, worked examples, and an easy explanation of the formula.",Calculator; How it works; Formula; Worked example; Interpretation; FAQs; Related calculators,WebApplication + BreadcrumbList + FAQPage (only when visible FAQs exist),3,Heuristic opportunity tier; validate volume/difficulty before publishing,Backlog,200,,1190,2026-09-03,Write original copy and independently test calculations; do not copy competitor text.,112
10,Inflation,Finance,inflation-calculator,https://www.calculator.net/inflation-calculator.html,Inflation Calculator,"Free inflation calculator that runs on U.S. CPI data or a custom inflation rate. Also, find the historical U.S. inflation data and learn more about inflation.",Inflation Calculator,inflation calculator,free inflation calculator | online inflation calculator | inflation calculator formula | how to calculate inflation | inflation calculator with steps | inflation calculator metric | inflation calculator example | inflation calculator monthly payment | inflation calculator Europe,Transactional tool + informational,/inflation-calculator,"Inflation Calculator – Free, Fast & Explained | FigureNest",Inflation Calculator,"Use FigureNest’s free inflation calculator for fast results, clear inputs, worked examples, and an easy explanation of the formula.",Calculator; How it works; Formula; Worked example; Interpretation; FAQs; Related calculators,WebApplication + BreadcrumbList + FAQPage (only when visible FAQs exist),3,Heuristic opportunity tier; validate volume/difficulty before publishing,Backlog,200,,6073,2026-09-03,Write original copy and independently test calculations; do not copy competitor text.,113
70,Ira,Finance,ira-calculator,https://www.calculator.net/ira-calculator.html,IRA Calculator,"Free IRA calculator to estimate growth, tax savings, total return, and balance at retirement of Traditional, Roth IRA, SIMPLE, and SEP IRAs.",IRA Calculator,ira calculator,free ira calculator | online ira calculator | ira calculator formula | how to calculate ira | ira calculator with steps | ira calculator metric | ira calculator example | ira calculator monthly payment | ira calculator Europe,Transactional tool + informational,/ira-calculator,"Ira Calculator – Free, Fast & Explained | FigureNest",Ira Calculator,"Use FigureNest’s free ira calculator for fast results, clear inputs, worked examples, and an easy explanation of the formula.",Calculator; How it works; Formula; Worked example; Interpretation; FAQs; Related calculators,WebApplication + BreadcrumbList + FAQPage (only when visible FAQs exist),3,Heuristic opportunity tier; validate volume/difficulty before publishing,Backlog,200,,4338,2026-09-03,Write original copy and independently test calculations; do not copy competitor text.,114
89,Irr,Finance,irr-calculator,https://www.calculator.net/irr-calculator.html,Internal Rate of Return (IRR) Calculator,"This calculator can calculate the Internal Rate of Return (IRR) for scenarios involving a fixed recurring cash flow, no cash flow, or irregular annual cash flows.",Internal Rate of Return (IRR) Calculator,irr calculator,free irr calculator | online irr calculator | irr calculator formula | how to calculate irr | irr calculator with steps | irr calculator metric | irr calculator example | irr calculator monthly payment | irr calculator Europe,Transactional tool + informational,/irr-calculator,"Irr Calculator – Free, Fast & Explained | FigureNest",Irr Calculator,"Use FigureNest’s free irr calculator for fast results, clear inputs, worked examples, and an easy explanation of the formula.",Calculator; How it works; Formula; Worked example; Interpretation; FAQs; Related calculators,WebApplication + BreadcrumbList + FAQPage (only when visible FAQs exist),3,Heuristic opportunity tier; validate volume/difficulty before publishing,Backlog,200,,1817,2026-09-03,Write original copy and independently test calculations; do not copy competitor text.,115
85,Lease,Finance,lease-calculator,https://www.calculator.net/lease-calculator.html,Lease Calculator,"Free lease calculator to find the monthly payment or effective interest rate as well as interest cost of a lease. Also, gain some knowledge about leasing.",Lease Calculator,lease calculator,free lease calculator | online lease calculator | lease calculator formula | how to calculate lease | lease calculator with steps | lease calculator metric | lease calculator example | lease calculator monthly payment | lease calculator Europe,Transactional tool + informational,/lease-calculator,"Lease Calculator – Free, Fast & Explained | FigureNest",Lease Calculator,"Use FigureNest’s free lease calculator for fast results, clear inputs, worked examples, and an easy explanation of the formula.",Calculator; How it works; Formula; Worked example; Interpretation; FAQs; Related calculators,WebApplication + BreadcrumbList + FAQPage (only when visible FAQs exist),3,Heuristic opportunity tier; validate volume/difficulty before publishing,Backlog,200,,2416,2026-09-03,Write original copy and independently test calculations; do not copy competitor text.,116
77,Margin,Finance,margin-calculator,https://www.calculator.net/margin-calculator.html,Margin Calculator,"Three free calculators for profit margin, stock trading margin, or currency exchange margin calculations. Learn the different definitions of margin in finance.",Margin Calculator,margin calculator,free margin calculator | online margin calculator | margin calculator formula | how to calculate margin | margin calculator with steps | margin calculator metric | margin calculator example | margin calculator monthly payment | margin calculator Europe,Transactional tool + informational,/margin-calculator,"Margin Calculator – Free, Fast & Explained | FigureNest",Margin Calculator,"Use FigureNest’s free margin calculator for fast results, clear inputs, worked examples, and an easy explanation of the formula.",Calculator; How it works; Formula; Worked example; Interpretation; FAQs; Related calculators,WebApplication + BreadcrumbList + FAQPage (only when visible FAQs exist),3,Heuristic opportunity tier; validate volume/difficulty before publishing,Backlog,200,,1463,2026-09-03,Write original copy and independently test calculations; do not copy competitor text.,117
68,Mutual Fund,Finance,mutual-fund-calculator,https://www.calculator.net/mutual-fund-calculator.html,Mutual Fund Calculator,Free calculator to estimate the ending balance and net return of mutual funds. It can also calculate the IRR after accounting for charges and fees.,Mutual Fund Calculator,mutual fund calculator,free mutual fund calculator | online mutual fund calculator | mutual fund calculator formula | how to calculate mutual fund | mutual fund calculator with steps | mutual fund calculator metric | mutual fund calculator example | mutual fund calculator monthly payment | mutual fund calculator Europe,Transactional tool + informational,/mutual-fund-calculator,"Mutual Fund Calculator – Free, Fast & Explained | FigureNest",Mutual Fund Calculator,"Use FigureNest’s free mutual fund calculator for fast results, clear inputs, worked examples, and an easy explanation of the formula.",Calculator; How it works; Formula; Worked example; Interpretation; FAQs; Related calculators,WebApplication + BreadcrumbList + FAQPage (only when visible FAQs exist),3,Heuristic opportunity tier; validate volume/difficulty before publishing,Backlog,200,,1412,2026-09-03,Write original copy and independently test calculations; do not copy competitor text.,118
203,P Value,Finance,p-value-calculator,https://www.calculator.net/p-value-calculator.html,P-value Calculator,Calculator to compute p-value from Z-score or Z-score from p-value for a normal distribution. It also provides a diagram illustrating the area of the p-values.,P-value Calculator,p value calculator,free p value calculator | online p value calculator | p value calculator formula | how to calculate p value | p value calculator with steps | p value calculator metric | p value calculator example | p value calculator monthly payment | p value calculator Europe,Transactional tool + informational,/p-value-calculator,"P Value Calculator – Free, Fast & Explained | FigureNest",P Value Calculator,"Use FigureNest’s free p value calculator for fast results, clear inputs, worked examples, and an easy explanation of the formula.",Calculator; How it works; Formula; Worked example; Interpretation; FAQs; Related calculators,WebApplication + BreadcrumbList + FAQPage (only when visible FAQs exist),3,Heuristic opportunity tier; validate volume/difficulty before publishing,Backlog,200,,335,2026-09-03,Write original copy and independently test calculations; do not copy competitor text.,119
98,Payback Period,Finance,payback-period-calculator,https://www.calculator.net/payback-period-calculator.html,Payback Period Calculator,"Free calculator to find payback period, discounted payback period, and the average return of either steady or irregular cash flows.",Payback Period Calculator,payback period calculator,free payback period calculator | online payback period calculator | payback period calculator formula | how to calculate payback period | payback period calculator with steps | payback period calculator metric | payback period calculator example | payback period calculator monthly payment | payback period calculator Europe,Transactional tool + informational,/payback-period-calculator,"Payback Period Calculator – Free, Fast & Explained | FigureNest",Payback Period Calculator,"Use FigureNest’s free payback period calculator for fast results, clear inputs, worked examples, and an easy explanation of the formula.",Calculator; How it works; Formula; Worked example; Interpretation; FAQs; Related calculators,WebApplication + BreadcrumbList + FAQPage (only when visible FAQs exist),3,Heuristic opportunity tier; validate volume/difficulty before publishing,Backlog,200,,1534,2026-09-03,Write original copy and independently test calculations; do not copy competitor text.,120
5,Payment,Finance,payment-calculator,https://www.calculator.net/payment-calculator.html,Payment Calculator,Free payment calculator to find monthly payment amount or time period to pay off a loan using a fixed term or a fixed payment.,Payment Calculator,payment calculator,free payment calculator | online payment calculator | payment calculator formula | how to calculate payment | payment calculator with steps | payment calculator metric | payment calculator example | payment calculator monthly payment | payment calculator Europe,Transactional tool + informational,/payment-calculator,"Payment Calculator – Free, Fast & Explained | FigureNest",Payment Calculator,"Use FigureNest’s free payment calculator for fast results, clear inputs, worked examples, and an easy explanation of the formula.",Calculator; How it works; Formula; Worked example; Interpretation; FAQs; Related calculators,WebApplication + BreadcrumbList + FAQPage (only when visible FAQs exist),3,Heuristic opportunity tier; validate volume/difficulty before publishing,Backlog,200,,3471,2026-09-03,Write original copy and independently test calculations; do not copy competitor text.,121
54,Pension,Finance,pension-calculator,https://www.calculator.net/pension-calculator.html,Pension Calculator,"Free calculator to help optimize pension payout or planning. Considers the effects of a lump sum or monthly payouts, single-life or joint and survivor payouts.",Pension Calculator,pension calculator,free pension calculator | online pension calculator | pension calculator formula | how to calculate pension | pension calculator with steps | pension calculator metric | pension calculator example | pension calculator monthly payment | pension calculator Europe,Transactional tool + informational,/pension-calculator,"Pension Calculator – Free, Fast & Explained | FigureNest",Pension Calculator,"Use FigureNest’s free pension calculator for fast results, clear inputs, worked examples, and an easy explanation of the formula.",Calculator; How it works; Formula; Worked example; Interpretation; FAQs; Related calculators,WebApplication + BreadcrumbList + FAQPage (only when visible FAQs exist),3,Heuristic opportunity tier; validate volume/difficulty before publishing,Backlog,200,,2490,2026-09-03,Write original copy and independently test calculations; do not copy competitor text.,122
99,Present Value,Finance,present-value-calculator,https://www.calculator.net/present-value-calculator.html,Present Value Calculator,Free financial calculator to find the present value of a future amount or a stream of annuity payments.,Present Value Calculator,present value calculator,free present value calculator | online present value calculator | present value calculator formula | how to calculate present value | present value calculator with steps | present value calculator metric | present value calculator example | present value calculator monthly payment | present value calculator Europe,Transactional tool + informational,/present-value-calculator,"Present Value Calculator – Free, Fast & Explained | FigureNest",Present Value Calculator,"Use FigureNest’s free present value calculator for fast results, clear inputs, worked examples, and an easy explanation of the formula.",Calculator; How it works; Formula; Worked example; Interpretation; FAQs; Related calculators,WebApplication + BreadcrumbList + FAQPage (only when visible FAQs exist),3,Heuristic opportunity tier; validate volume/difficulty before publishing,Backlog,200,,1126,2026-09-03,Write original copy and independently test calculations; do not copy competitor text.,123
86,Refinance,Finance,refinance-calculator,https://www.calculator.net/refinance-calculator.html,Refinance Calculator,"Free calculator to plan the refinancing of loans by comparing existing and refinanced loans side by side, with options for cash out, mortgage points, and fees.",Refinance Calculator,refinance calculator,free refinance calculator | online refinance calculator | refinance calculator formula | how to calculate refinance | refinance calculator with steps | refinance calculator metric | refinance calculator example | refinance calculator monthly payment | refinance calculator Europe,Transactional tool + informational,/refinance-calculator,"Refinance Calculator – Free, Fast & Explained | FigureNest",Refinance Calculator,"Use FigureNest’s free refinance calculator for fast results, clear inputs, worked examples, and an easy explanation of the formula.",Calculator; How it works; Formula; Worked example; Interpretation; FAQs; Related calculators,WebApplication + BreadcrumbList + FAQPage (only when visible FAQs exist),3,Heuristic opportunity tier; validate volume/difficulty before publishing,Backlog,200,,2505,2026-09-03,Write original copy and independently test calculations; do not copy competitor text.,124
51,Rent,Finance,rent-calculator,https://www.calculator.net/rent-calculator.html,Rent Calculator - How Much Rent Can I Afford?,"Free rent calculator to estimate the range of affordable monthly rent based on income and debt. Also, explore ideas for decreasing rental costs.",Rent Calculator,rent calculator,free rent calculator | online rent calculator | rent calculator formula | how to calculate rent | rent calculator with steps | rent calculator metric | rent calculator example | rent calculator monthly payment | rent calculator Europe,Transactional tool + informational,/rent-calculator,"Rent Calculator – Free, Fast & Explained | FigureNest",Rent Calculator,"Use FigureNest’s free rent calculator for fast results, clear inputs, worked examples, and an easy explanation of the formula.",Calculator; How it works; Formula; Worked example; Interpretation; FAQs; Related calculators,WebApplication + BreadcrumbList + FAQPage (only when visible FAQs exist),3,Heuristic opportunity tier; validate volume/difficulty before publishing,Backlog,200,,1922,2026-09-03,Write original copy and independently test calculations; do not copy competitor text.,125
97,Rent Vs Buy,Finance,rent-vs-buy-calculator,https://www.calculator.net/rent-vs-buy-calculator.html,Rent vs. Buy Calculator,"Free calculator to compare the financial aspects of renting vs. buying a house. The calculator accounts for interest, tax, fees, and many other factors.",Rent vs. Buy Calculator,rent vs buy calculator,free rent vs buy calculator | online rent vs buy calculator | rent vs buy calculator formula | how to calculate rent vs buy | rent vs buy calculator with steps | rent vs buy calculator metric | rent vs buy calculator example | rent vs buy calculator monthly payment | rent vs buy calculator Europe,Transactional tool + informational,/rent-vs-buy-calculator,"Rent Vs Buy Calculator – Free, Fast & Explained | FigureNest",Rent Vs Buy Calculator,"Use FigureNest’s free rent vs buy calculator for fast results, clear inputs, worked examples, and an easy explanation of the formula.",Calculator; How it works; Formula; Worked example; Interpretation; FAQs; Related calculators,WebApplication + BreadcrumbList + FAQPage (only when visible FAQs exist),3,Heuristic opportunity tier; validate volume/difficulty before publishing,Backlog,200,,2965,2026-09-03,Write original copy and independently test calculations; do not copy competitor text.,126
88,Rental Property,Finance,rental-property-calculator,https://www.calculator.net/rental-property-calculator.html,Rental Property Calculator,"Free rental property calculator estimates IRR, capitalization rate, cash flow, and other financial indicators of a rental or investment property.",Rental Property Calculator,rental property calculator,free rental property calculator | online rental property calculator | rental property calculator formula | how to calculate rental property | rental property calculator with steps | rental property calculator metric | rental property calculator example | rental property calculator monthly payment | rental property calculator Europe,Transactional tool + informational,/rental-property-calculator,"Rental Property Calculator – Free, Fast & Explained | FigureNest",Rental Property Calculator,"Use FigureNest’s free rental property calculator for fast results, clear inputs, worked examples, and an easy explanation of the formula.",Calculator; How it works; Formula; Worked example; Interpretation; FAQs; Related calculators,WebApplication + BreadcrumbList + FAQPage (only when visible FAQs exist),3,Heuristic opportunity tier; validate volume/difficulty before publishing,Backlog,200,,1732,2026-09-03,Write original copy and independently test calculations; do not copy competitor text.,127
62,Repayment,Finance,repayment-calculator,https://www.calculator.net/repayment-calculator.html,Repayment Calculator,"Free repayment calculator to find different ways to repay a loan, based on compounding periods, payment frequency, and fixed loan term or fixed payback amount.",Repayment Calculator,repayment calculator,free repayment calculator | online repayment calculator | repayment calculator formula | how to calculate repayment | repayment calculator with steps | repayment calculator metric | repayment calculator example | repayment calculator monthly payment | repayment calculator Europe,Transactional tool + informational,/repayment-calculator,"Repayment Calculator – Free, Fast & Explained | FigureNest",Repayment Calculator,"Use FigureNest’s free repayment calculator for fast results, clear inputs, worked examples, and an easy explanation of the formula.",Calculator; How it works; Formula; Worked example; Interpretation; FAQs; Related calculators,WebApplication + BreadcrumbList + FAQPage (only when visible FAQs exist),3,Heuristic opportunity tier; validate volume/difficulty before publishing,Backlog,200,,1387,2026-09-03,Write original copy and independently test calculations; do not copy competitor text.,128
90,Roi,Finance,roi-calculator,https://www.calculator.net/roi-calculator.html,Return on Investment (ROI) Calculator,Free return on investment (ROI) calculator that returns total ROI rate and annualized ROI using either actual dates of investment or simply investment length.,Return on Investment (ROI) Calculator,roi calculator,free roi calculator | online roi calculator | roi calculator formula | how to calculate roi | roi calculator with steps | roi calculator metric | roi calculator example | roi calculator monthly payment | roi calculator Europe,Transactional tool + informational,/roi-calculator,"Roi Calculator – Free, Fast & Explained | FigureNest",Roi Calculator,"Use FigureNest’s free roi calculator for fast results, clear inputs, worked examples, and an easy explanation of the formula.",Calculator; How it works; Formula; Worked example; Interpretation; FAQs; Related calculators,WebApplication + BreadcrumbList + FAQPage (only when visible FAQs exist),3,Heuristic opportunity tier; validate volume/difficulty before publishing,Backlog,200,,1115,2026-09-03,Write original copy and independently test calculations; do not copy competitor text.,129
69,Roth Ira,Finance,roth-ira-calculator,https://www.calculator.net/roth-ira-calculator.html,Roth IRA Calculator,"Free Roth IRA calculator to estimate growth, tax savings, total return, and balance at retirement with the option to contribute regularly.",Roth IRA Calculator,roth ira calculator,free roth ira calculator | online roth ira calculator | roth ira calculator formula | how to calculate roth ira | roth ira calculator with steps | roth ira calculator metric | roth ira calculator example | roth ira calculator monthly payment | roth ira calculator Europe,Transactional tool + informational,/roth-ira-calculator,"Roth Ira Calculator – Free, Fast & Explained | FigureNest",Roth Ira Calculator,"Use FigureNest’s free roth ira calculator for fast results, clear inputs, worked examples, and an easy explanation of the formula.",Calculator; How it works; Formula; Worked example; Interpretation; FAQs; Related calculators,WebApplication + BreadcrumbList + FAQPage (only when visible FAQs exist),3,Heuristic opportunity tier; validate volume/difficulty before publishing,Backlog,200,,3604,2026-09-03,Write original copy and independently test calculations; do not copy competitor text.,130
50,Savings,Finance,savings-calculator,https://www.calculator.net/savings-calculator.html,Savings Calculator,"Free calculator to find out the balance and interest of a savings account while accounting for tax, periodic contributions, compounding frequency.",Savings Calculator,savings calculator,free savings calculator | online savings calculator | savings calculator formula | how to calculate savings | savings calculator with steps | savings calculator metric | savings calculator example | savings calculator monthly payment | savings calculator Europe,Transactional tool + informational,/savings-calculator,"Savings Calculator – Free, Fast & Explained | FigureNest",Savings Calculator,"Use FigureNest’s free savings calculator for fast results, clear inputs, worked examples, and an easy explanation of the formula.",Calculator; How it works; Formula; Worked example; Interpretation; FAQs; Related calculators,WebApplication + BreadcrumbList + FAQPage (only when visible FAQs exist),3,Heuristic opportunity tier; validate volume/difficulty before publishing,Backlog,200,,2941,2026-09-03,Write original copy and independently test calculations; do not copy competitor text.,131
118,Bac,Health & Fitness,bac-calculator,https://www.calculator.net/bac-calculator.html,BAC Calculator,"Online calculator to estimate the Blood Alcohol Concentration (BAC) level based on the amount of alcohol consumed, the time elapsed, gender, and body weight.",Blood Alcohol Concentration (BAC) Calculator,bac calculator,free bac calculator | online bac calculator | bac calculator formula | how to calculate bac | bac calculator with steps | bac calculator metric | bac calculator example | bac calculator metric units | bac calculator by age,Transactional tool + informational,/bac-calculator,"Bac Calculator – Free, Fast & Explained | FigureNest",Bac Calculator,"Use FigureNest’s free bac calculator for fast results, clear inputs, worked examples, and an easy explanation of the formula.",Calculator; How it works; Formula; Worked example; Interpretation; FAQs; Related calculators,WebApplication + BreadcrumbList + FAQPage (only when visible FAQs exist),3,Heuristic opportunity tier; validate volume/difficulty before publishing,Backlog,200,,1086,2026-09-03,Write original copy and independently test calculations; do not copy competitor text.,132
117,Body Surface Area,Health & Fitness,body-surface-area-calculator,https://www.calculator.net/body-surface-area-calculator.html,Body Surface Area Calculator,This body surface area calculator estimates the surface area of a person's body based on body weight and height. It compares the results of several formulas.,Body Surface Area Calculator,body surface area calculator,free body surface area calculator | online body surface area calculator | body surface area calculator formula | how to calculate body surface area | body surface area calculator with steps | body surface area calculator metric | body surface area calculator example | body surface area calculator metric units | body surface area calculator by age,Transactional tool + informational,/body-surface-area-calculator,"Body Surface Area Calculator – Free, Fast & Explained | FigureNest",Body Surface Area Calculator,"Use FigureNest’s free body surface area calculator for fast results, clear inputs, worked examples, and an easy explanation of the formula.",Calculator; How it works; Formula; Worked example; Interpretation; FAQs; Related calculators,WebApplication + BreadcrumbList + FAQPage (only when visible FAQs exist),3,Heuristic opportunity tier; validate volume/difficulty before publishing,Backlog,200,,861,2026-09-03,Write original copy and independently test calculations; do not copy competitor text.,133
116,Body Type,Health & Fitness,body-type-calculator,https://www.calculator.net/body-type-calculator.html,Body Type Calculator,"This free body type calculator estimates body type based on provided measurements of bust, waist, and hip size, and their relation to societal conventions.",Body Type Calculator,body type calculator,free body type calculator | online body type calculator | body type calculator formula | how to calculate body type | body type calculator with steps | body type calculator metric | body type calculator example | body type calculator metric units | body type calculator by age,Transactional tool + informational,/body-type-calculator,"Body Type Calculator – Free, Fast & Explained | FigureNest",Body Type Calculator,"Use FigureNest’s free body type calculator for fast results, clear inputs, worked examples, and an easy explanation of the formula.",Calculator; How it works; Formula; Worked example; Interpretation; FAQs; Related calculators,WebApplication + BreadcrumbList + FAQPage (only when visible FAQs exist),3,Heuristic opportunity tier; validate volume/difficulty before publishing,Backlog,200,,1216,2026-09-03,Write original copy and independently test calculations; do not copy competitor text.,134
103,Carbohydrate,Health & Fitness,carbohydrate-calculator,https://www.calculator.net/carbohydrate-calculator.html,Carbohydrate Calculator,"This free carbohydrate calculator estimates a range of daily carbohydrate requirements based on factors such as daily activity, height, and weight.",Carbohydrate Calculator,carbohydrate calculator,free carbohydrate calculator | online carbohydrate calculator | carbohydrate calculator formula | how to calculate carbohydrate | carbohydrate calculator with steps | carbohydrate calculator metric | carbohydrate calculator example | carbohydrate calculator metric units | carbohydrate calculator by age,Transactional tool + informational,/carbohydrate-calculator,"Carbohydrate Calculator – Free, Fast & Explained | FigureNest",Carbohydrate Calculator,"Use FigureNest’s free carbohydrate calculator for fast results, clear inputs, worked examples, and an easy explanation of the formula.",Calculator; How it works; Formula; Worked example; Interpretation; FAQs; Related calculators,WebApplication + BreadcrumbList + FAQPage (only when visible FAQs exist),3,Heuristic opportunity tier; validate volume/difficulty before publishing,Backlog,200,,1366,2026-09-03,Write original copy and independently test calculations; do not copy competitor text.,135
113,Conception,Health & Fitness,conception-calculator,https://www.calculator.net/conception-calculator.html,Conception Calculator,"This free conception calculator estimates possible as well as most likely dates of conception, and their corresponding due dates over six menstrual cycles.",Conception Calculator,conception calculator,free conception calculator | online conception calculator | conception calculator formula | how to calculate conception | conception calculator with steps | conception calculator metric | conception calculator example | conception calculator metric units | conception calculator by age,Transactional tool + informational,/conception-calculator,"Conception Calculator – Free, Fast & Explained | FigureNest",Conception Calculator,"Use FigureNest’s free conception calculator for fast results, clear inputs, worked examples, and an easy explanation of the formula.",Calculator; How it works; Formula; Worked example; Interpretation; FAQs; Related calculators,WebApplication + BreadcrumbList + FAQPage (only when visible FAQs exist),3,Heuristic opportunity tier; validate volume/difficulty before publishing,Backlog,200,,1177,2026-09-03,Write original copy and independently test calculations; do not copy competitor text.,136
115,Gfr,Health & Fitness,gfr-calculator,https://www.calculator.net/gfr-calculator.html,GFR Calculator,This GFR calculator estimates the glomerular filtration rate for both adults and children based on serum creatinine value.,GFR Calculator,gfr calculator,free gfr calculator | online gfr calculator | gfr calculator formula | how to calculate gfr | gfr calculator with steps | gfr calculator metric | gfr calculator example | gfr calculator metric units | gfr calculator by age,Transactional tool + informational,/gfr-calculator,"Gfr Calculator – Free, Fast & Explained | FigureNest",Gfr Calculator,"Use FigureNest’s free gfr calculator for fast results, clear inputs, worked examples, and an easy explanation of the formula.",Calculator; How it works; Formula; Worked example; Interpretation; FAQs; Related calculators,WebApplication + BreadcrumbList + FAQPage (only when visible FAQs exist),3,Heuristic opportunity tier; validate volume/difficulty before publishing,Backlog,200,,1029,2026-09-03,Write original copy and independently test calculations; do not copy competitor text.,137
105,Healthy Weight,Health & Fitness,healthy-weight-calculator,https://www.calculator.net/healthy-weight-calculator.html,Healthy Weight Calculator,"This calculator estimates a healthy body weight range based on body mass index. Also, learn more about the effects of being underweight, overweight, or obese.",Healthy Weight Calculator,healthy weight calculator,free healthy weight calculator | online healthy weight calculator | healthy weight calculator formula | how to calculate healthy weight | healthy weight calculator with steps | healthy weight calculator metric | healthy weight calculator example | healthy weight calculator metric units | healthy weight calculator by age,Transactional tool + informational,/healthy-weight-calculator,"Healthy Weight Calculator – Free, Fast & Explained | FigureNest",Healthy Weight Calculator,"Use FigureNest’s free healthy weight calculator for fast results, clear inputs, worked examples, and an easy explanation of the formula.",Calculator; How it works; Formula; Worked example; Interpretation; FAQs; Related calculators,WebApplication + BreadcrumbList + FAQPage (only when visible FAQs exist),3,Heuristic opportunity tier; validate volume/difficulty before publishing,Backlog,200,,1189,2026-09-03,Write original copy and independently test calculations; do not copy competitor text.,138
24,Ideal Weight,Health & Fitness,ideal-weight-calculator,https://www.calculator.net/ideal-weight-calculator.html,Ideal Weight Calculator,"This free ideal weight calculator estimates ideal healthy bodyweight based on age, gender, and height based on several popular formulas.",Ideal Weight Calculator,ideal weight calculator,free ideal weight calculator | online ideal weight calculator | ideal weight calculator formula | how to calculate ideal weight | ideal weight calculator with steps | ideal weight calculator metric | ideal weight calculator example | ideal weight calculator metric units | ideal weight calculator by age,Transactional tool + informational,/ideal-weight-calculator,"Ideal Weight Calculator – Free, Fast & Explained | FigureNest",Ideal Weight Calculator,"Use FigureNest’s free ideal weight calculator for fast results, clear inputs, worked examples, and an easy explanation of the formula.",Calculator; How it works; Formula; Worked example; Interpretation; FAQs; Related calculators,WebApplication + BreadcrumbList + FAQPage (only when visible FAQs exist),3,Heuristic opportunity tier; validate volume/difficulty before publishing,Backlog,200,,1656,2026-09-03,Write original copy and independently test calculations; do not copy competitor text.,139
104,Lean Body Mass,Health & Fitness,lean-body-mass-calculator,https://www.calculator.net/lean-body-mass-calculator.html,Lean Body Mass Calculator,"This free lean body mass (LBM) calculator estimates LBM based on body weight, height, age, and gender. It compares the results of several popular formulas.",Lean Body Mass Calculator,lean body mass calculator,free lean body mass calculator | online lean body mass calculator | lean body mass calculator formula | how to calculate lean body mass | lean body mass calculator with steps | lean body mass calculator metric | lean body mass calculator example | lean body mass calculator metric units | lean body mass calculator by age,Transactional tool + informational,/lean-body-mass-calculator,"Lean Body Mass Calculator – Free, Fast & Explained | FigureNest",Lean Body Mass Calculator,"Use FigureNest’s free lean body mass calculator for fast results, clear inputs, worked examples, and an easy explanation of the formula.",Calculator; How it works; Formula; Worked example; Interpretation; FAQs; Related calculators,WebApplication + BreadcrumbList + FAQPage (only when visible FAQs exist),3,Heuristic opportunity tier; validate volume/difficulty before publishing,Backlog,200,,860,2026-09-03,Write original copy and independently test calculations; do not copy competitor text.,140
23,Macro,Health & Fitness,macro-calculator,https://www.calculator.net/macro-calculator.html,Macro Calculator,"This macro calculator estimates the macronutrient needs of a person based on their age, physical characteristics, activity level, and bodyweight goals.",Macro Calculator,macro calculator,free macro calculator | online macro calculator | macro calculator formula | how to calculate macro | macro calculator with steps | macro calculator metric | macro calculator example | macro calculator metric units | macro calculator by age,Transactional tool + informational,/macro-calculator,"Macro Calculator – Free, Fast & Explained | FigureNest",Macro Calculator,"Use FigureNest’s free macro calculator for fast results, clear inputs, worked examples, and an easy explanation of the formula.",Calculator; How it works; Formula; Worked example; Interpretation; FAQs; Related calculators,WebApplication + BreadcrumbList + FAQPage (only when visible FAQs exist),3,Heuristic opportunity tier; validate volume/difficulty before publishing,Backlog,200,,2397,2026-09-03,Write original copy and independently test calculations; do not copy competitor text.,141
173,Molecular Weight,Health & Fitness,molecular-weight-calculator,https://www.calculator.net/molecular-weight-calculator.html,Molecular Weight Calculator (Molar Mass),This molecular weight calculator can determine the molecular weight or molar mass of a molecule based on its formula and also provides the percentage of the atoms.,Molecular Weight Calculator (Molar Mass),molecular weight calculator,free molecular weight calculator | online molecular weight calculator | molecular weight calculator formula | how to calculate molecular weight | molecular weight calculator with steps | molecular weight calculator metric | molecular weight calculator example | molecular weight calculator metric units | molecular weight calculator by age,Transactional tool + informational,/molecular-weight-calculator,"Molecular Weight Calculator – Free, Fast & Explained | FigureNest",Molecular Weight Calculator,"Use FigureNest’s free molecular weight calculator for fast results, clear inputs, worked examples, and an easy explanation of the formula.",Calculator; How it works; Formula; Worked example; Interpretation; FAQs; Related calculators,WebApplication + BreadcrumbList + FAQPage (only when visible FAQs exist),3,Heuristic opportunity tier; validate volume/difficulty before publishing,Backlog,200,,2377,2026-09-03,Write original copy and independently test calculations; do not copy competitor text.,142
197,Overweight,Health & Fitness,overweight-calculator,https://www.calculator.net/overweight-calculator.html,Overweight Calculator,This free calculator computes BMI and relates the calculated value to standards used to indicate the possible state of being overweight.,Overweight Calculator,overweight calculator,free overweight calculator | online overweight calculator | overweight calculator formula | how to calculate overweight | overweight calculator with steps | overweight calculator metric | overweight calculator example | overweight calculator metric units | overweight calculator by age,Transactional tool + informational,/overweight-calculator,"Overweight Calculator – Free, Fast & Explained | FigureNest",Overweight Calculator,"Use FigureNest’s free overweight calculator for fast results, clear inputs, worked examples, and an easy explanation of the formula.",Calculator; How it works; Formula; Worked example; Interpretation; FAQs; Related calculators,WebApplication + BreadcrumbList + FAQPage (only when visible FAQs exist),3,Heuristic opportunity tier; validate volume/difficulty before publishing,Backlog,200,,942,2026-09-03,Write original copy and independently test calculations; do not copy competitor text.,143
112,Ovulation,Health & Fitness,ovulation-calculator,https://www.calculator.net/ovulation-calculator.html,Ovulation Calculator,This free ovulation calculator provides estimates of a person's possible ovulation windows and corresponding due dates over six menstrual cycles.,Ovulation Calculator,ovulation calculator,free ovulation calculator | online ovulation calculator | ovulation calculator formula | how to calculate ovulation | ovulation calculator with steps | ovulation calculator metric | ovulation calculator example | ovulation calculator metric units | ovulation calculator by age,Transactional tool + informational,/ovulation-calculator,"Ovulation Calculator – Free, Fast & Explained | FigureNest",Ovulation Calculator,"Use FigureNest’s free ovulation calculator for fast results, clear inputs, worked examples, and an easy explanation of the formula.",Calculator; How it works; Formula; Worked example; Interpretation; FAQs; Related calculators,WebApplication + BreadcrumbList + FAQPage (only when visible FAQs exist),3,Heuristic opportunity tier; validate volume/difficulty before publishing,Backlog,200,,785,2026-09-03,Write original copy and independently test calculations; do not copy competitor text.,144
114,Period,Health & Fitness,period-calculator,https://www.calculator.net/period-calculator.html,Period Calculator,"This free calculator estimates days in the future during which a person is expected to undergo their period, based on information of previous periods.",Period Calculator,period calculator,free period calculator | online period calculator | period calculator formula | how to calculate period | period calculator with steps | period calculator metric | period calculator example | period calculator metric units | period calculator by age,Transactional tool + informational,/period-calculator,"Period Calculator – Free, Fast & Explained | FigureNest",Period Calculator,"Use FigureNest’s free period calculator for fast results, clear inputs, worked examples, and an easy explanation of the formula.",Calculator; How it works; Formula; Worked example; Interpretation; FAQs; Related calculators,WebApplication + BreadcrumbList + FAQPage (only when visible FAQs exist),3,Heuristic opportunity tier; validate volume/difficulty before publishing,Backlog,200,,571,2026-09-03,Write original copy and independently test calculations; do not copy competitor text.,145
109,Protein,Health & Fitness,protein-calculator,https://www.calculator.net/protein-calculator.html,Protein Calculator,This free protein calculator estimates the amount of protein a person needs each day to remain healthy based on certain averages and recommendations.,Protein Calculator,protein calculator,free protein calculator | online protein calculator | protein calculator formula | how to calculate protein | protein calculator with steps | protein calculator metric | protein calculator example | protein calculator metric units | protein calculator by age,Transactional tool + informational,/protein-calculator,"Protein Calculator – Free, Fast & Explained | FigureNest",Protein Calculator,"Use FigureNest’s free protein calculator for fast results, clear inputs, worked examples, and an easy explanation of the formula.",Calculator; How it works; Formula; Worked example; Interpretation; FAQs; Related calculators,WebApplication + BreadcrumbList + FAQPage (only when visible FAQs exist),3,Heuristic opportunity tier; validate volume/difficulty before publishing,Backlog,200,,1509,2026-09-03,Write original copy and independently test calculations; do not copy competitor text.,146
108,Target Heart Rate,Health & Fitness,target-heart-rate-calculator,https://www.calculator.net/target-heart-rate-calculator.html,Target Heart Rate Calculator,This free calculator calculates the target heart rate range for maximizing exercise benefit based on age and resting heart rate.,Target Heart Rate Calculator,target heart rate calculator,free target heart rate calculator | online target heart rate calculator | target heart rate calculator formula | how to calculate target heart rate | target heart rate calculator with steps | target heart rate calculator metric | target heart rate calculator example | target heart rate calculator metric units | target heart rate calculator by age,Transactional tool + informational,/target-heart-rate-calculator,"Target Heart Rate Calculator – Free, Fast & Explained | FigureNest",Target Heart Rate Calculator,"Use FigureNest’s free target heart rate calculator for fast results, clear inputs, worked examples, and an easy explanation of the formula.",Calculator; How it works; Formula; Worked example; Interpretation; FAQs; Related calculators,WebApplication + BreadcrumbList + FAQPage (only when visible FAQs exist),3,Heuristic opportunity tier; validate volume/difficulty before publishing,Backlog,200,,2094,2026-09-03,Write original copy and independently test calculations; do not copy competitor text.,147
111,Tdee,Health & Fitness,tdee-calculator,https://www.calculator.net/tdee-calculator.html,TDEE Calculator,"This calculator estimates the Total Daily Energy Expenditure (TDEE) of a person based on their age, physical characteristics, and activity level.",TDEE Calculator,tdee calculator,free tdee calculator | online tdee calculator | tdee calculator formula | how to calculate tdee | tdee calculator with steps | tdee calculator metric | tdee calculator example | tdee calculator metric units | tdee calculator by age,Transactional tool + informational,/tdee-calculator,"Tdee Calculator – Free, Fast & Explained | FigureNest",Tdee Calculator,"Use FigureNest’s free tdee calculator for fast results, clear inputs, worked examples, and an easy explanation of the formula.",Calculator; How it works; Formula; Worked example; Interpretation; FAQs; Related calculators,WebApplication + BreadcrumbList + FAQPage (only when visible FAQs exist),3,Heuristic opportunity tier; validate volume/difficulty before publishing,Backlog,200,,826,2026-09-03,Write original copy and independently test calculations; do not copy competitor text.,148
170,Weight,Health & Fitness,weight-calculator,https://www.calculator.net/weight-calculator.html,Weight Calculator,"This free weight calculator converts between common units of weight and mass. Also, learn more about the origins of different units of weight.",Weight Calculator,weight calculator,free weight calculator | online weight calculator | weight calculator formula | how to calculate weight | weight calculator with steps | weight calculator metric | weight calculator example | weight calculator metric units | weight calculator by age,Transactional tool + informational,/weight-calculator,"Weight Calculator – Free, Fast & Explained | FigureNest",Weight Calculator,"Use FigureNest’s free weight calculator for fast results, clear inputs, worked examples, and an easy explanation of the formula.",Calculator; How it works; Formula; Worked example; Interpretation; FAQs; Related calculators,WebApplication + BreadcrumbList + FAQPage (only when visible FAQs exist),3,Heuristic opportunity tier; validate volume/difficulty before publishing,Backlog,200,,959,2026-09-03,Write original copy and independently test calculations; do not copy competitor text.,149
196,Weight Watchers Points,Health & Fitness,weight-watchers-points-calculator,https://www.calculator.net/weight-watchers-points-calculator.html,Weight Watcher Points Calculator,This free Weight Watcher points calculator estimates the point values of different foods.,Weight Watcher Points Calculator,weight watchers points calculator,free weight watchers points calculator | online weight watchers points calculator | weight watchers points calculator formula | how to calculate weight watchers points | weight watchers points calculator with steps | weight watchers points calculator metric | weight watchers points calculator example | weight watchers points calculator metric units | weight watchers points calculator by age,Transactional tool + informational,/weight-watchers-points-calculator,"Weight Watchers Points Calculator – Free, Fast & Explained | FigureNest",Weight Watchers Points Calculator,"Use FigureNest’s free weight watchers points calculator for fast results, clear inputs, worked examples, and an easy explanation of the formula.",Calculator; How it works; Formula; Worked example; Interpretation; FAQs; Related calculators,WebApplication + BreadcrumbList + FAQPage (only when visible FAQs exist),3,Heuristic opportunity tier; validate volume/difficulty before publishing,Backlog,200,,846,2026-09-03,Write original copy and independently test calculations; do not copy competitor text.,150
128,Area,Math & Statistics,area-calculator,https://www.calculator.net/area-calculator.html,Area Calculator,"This area calculator determines the area of a number of common shapes, including rectangle, triangle, trapezoid, circle, sector, ellipse, and parallelogram.",Area Calculator,area calculator,free area calculator | online area calculator | area calculator formula | how to calculate area | area calculator with steps | area calculator metric | area calculator example | area calculator accurate | area calculator explained,Transactional tool + informational,/area-calculator,"Area Calculator – Free, Fast & Explained | FigureNest",Area Calculator,"Use FigureNest’s free area calculator for fast results, clear inputs, worked examples, and an easy explanation of the formula.",Calculator; How it works; Formula; Worked example; Interpretation; FAQs; Related calculators,WebApplication + BreadcrumbList + FAQPage (only when visible FAQs exist),3,Heuristic opportunity tier; validate volume/difficulty before publishing,Backlog,200,,3349,2026-09-03,Write original copy and independently test calculations; do not copy competitor text.,151
149,Big Number,Math & Statistics,big-number-calculator,https://www.calculator.net/big-number-calculator.html,Big Number Calculator,This free big number calculator can perform calculations involving very large integers or decimals at a high level of precision.,Big Number Calculator,big number calculator,free big number calculator | online big number calculator | big number calculator formula | how to calculate big number | big number calculator with steps | big number calculator metric | big number calculator example | big number calculator accurate | big number calculator explained,Transactional tool + informational,/big-number-calculator,"Big Number Calculator – Free, Fast & Explained | FigureNest",Big Number Calculator,"Use FigureNest’s free big number calculator for fast results, clear inputs, worked examples, and an easy explanation of the formula.",Calculator; How it works; Formula; Worked example; Interpretation; FAQs; Related calculators,WebApplication + BreadcrumbList + FAQPage (only when visible FAQs exist),3,Heuristic opportunity tier; validate volume/difficulty before publishing,Backlog,200,,493,2026-09-03,Write original copy and independently test calculations; do not copy competitor text.,152
122,Binary,Math & Statistics,binary-calculator,https://www.calculator.net/binary-calculator.html,Binary Calculator,"This free binary calculator can add, subtract, multiply, and divide binary values, as well as convert between binary and decimal values.",Binary Calculator,binary calculator,free binary calculator | online binary calculator | binary calculator formula | how to calculate binary | binary calculator with steps | binary calculator metric | binary calculator example | binary calculator accurate | binary calculator explained,Transactional tool + informational,/binary-calculator,"Binary Calculator – Free, Fast & Explained | FigureNest",Binary Calculator,"Use FigureNest’s free binary calculator for fast results, clear inputs, worked examples, and an easy explanation of the formula.",Calculator; How it works; Formula; Worked example; Interpretation; FAQs; Related calculators,WebApplication + BreadcrumbList + FAQPage (only when visible FAQs exist),3,Heuristic opportunity tier; validate volume/difficulty before publishing,Backlog,200,,1564,2026-09-03,Write original copy and independently test calculations; do not copy competitor text.,153
138,Circle,Math & Statistics,circle-calculator,https://www.calculator.net/circle-calculator.html,Circle Calculator,"This calculator computes the values of typical circle parameters such as radius, diameter, circumference, and area, using various common units of measurement.",Circle Calculator,circle calculator,free circle calculator | online circle calculator | circle calculator formula | how to calculate circle | circle calculator with steps | circle calculator metric | circle calculator example | circle calculator accurate | circle calculator explained,Transactional tool + informational,/circle-calculator,"Circle Calculator – Free, Fast & Explained | FigureNest",Circle Calculator,"Use FigureNest’s free circle calculator for fast results, clear inputs, worked examples, and an easy explanation of the formula.",Calculator; How it works; Formula; Worked example; Interpretation; FAQs; Related calculators,WebApplication + BreadcrumbList + FAQPage (only when visible FAQs exist),3,Heuristic opportunity tier; validate volume/difficulty before publishing,Backlog,200,,670,2026-09-03,Write original copy and independently test calculations; do not copy competitor text.,154
199,Common Factor,Math & Statistics,common-factor-calculator,https://www.calculator.net/common-factor-calculator.html,Common Factor Calculator,"This common factor calculator gives out all of the common factors of a given set of numbers. Also, learn more about the method of finding the common factors.",Common Factor Calculator,common factor calculator,free common factor calculator | online common factor calculator | common factor calculator formula | how to calculate common factor | common factor calculator with steps | common factor calculator metric | common factor calculator example | common factor calculator accurate | common factor calculator explained,Transactional tool + informational,/common-factor-calculator,"Common Factor Calculator – Free, Fast & Explained | FigureNest",Common Factor Calculator,"Use FigureNest’s free common factor calculator for fast results, clear inputs, worked examples, and an easy explanation of the formula.",Calculator; How it works; Formula; Worked example; Interpretation; FAQs; Related calculators,WebApplication + BreadcrumbList + FAQPage (only when visible FAQs exist),3,Heuristic opportunity tier; validate volume/difficulty before publishing,Backlog,200,,346,2026-09-03,Write original copy and independently test calculations; do not copy competitor text.,155
135,Confidence Interval,Math & Statistics,confidence-interval-calculator,https://www.calculator.net/confidence-interval-calculator.html,Confidence Interval Calculator,Calculator to compute the confidence interval or margin of error of a sample based on the desired confidence level. It also provides an error bar diagram.,Confidence Interval Calculator,confidence interval calculator,free confidence interval calculator | online confidence interval calculator | confidence interval calculator formula | how to calculate confidence interval | confidence interval calculator with steps | confidence interval calculator metric | confidence interval calculator example | confidence interval calculator accurate | confidence interval calculator explained,Transactional tool + informational,/confidence-interval-calculator,"Confidence Interval Calculator – Free, Fast & Explained | FigureNest",Confidence Interval Calculator,"Use FigureNest’s free confidence interval calculator for fast results, clear inputs, worked examples, and an easy explanation of the formula.",Calculator; How it works; Formula; Worked example; Interpretation; FAQs; Related calculators,WebApplication + BreadcrumbList + FAQPage (only when visible FAQs exist),3,Heuristic opportunity tier; validate volume/difficulty before publishing,Backlog,200,,732,2026-09-03,Write original copy and independently test calculations; do not copy competitor text.,156
137,Distance,Math & Statistics,distance-calculator,https://www.calculator.net/distance-calculator.html,Distance Calculator,Free calculators to compute the distance between two coordinates on a 2D plane or 3D space. Distance calculators for two points on a map are also provided.,Distance Calculator,distance calculator,free distance calculator | online distance calculator | distance calculator formula | how to calculate distance | distance calculator with steps | distance calculator metric | distance calculator example | distance calculator accurate | distance calculator explained,Transactional tool + informational,/distance-calculator,"Distance Calculator – Free, Fast & Explained | FigureNest",Distance Calculator,"Use FigureNest’s free distance calculator for fast results, clear inputs, worked examples, and an easy explanation of the formula.",Calculator; How it works; Formula; Worked example; Interpretation; FAQs; Related calculators,WebApplication + BreadcrumbList + FAQPage (only when visible FAQs exist),3,Heuristic opportunity tier; validate volume/difficulty before publishing,Backlog,200,,1375,2026-09-03,Write original copy and independently test calculations; do not copy competitor text.,157
121,Exponent,Math & Statistics,exponent-calculator,https://www.calculator.net/exponent-calculator.html,Exponent Calculator,"This free exponent calculator determines the result of exponentiation, including expressions that use the irrational number e as a base.",Exponent Calculator,exponent calculator,free exponent calculator | online exponent calculator | exponent calculator formula | how to calculate exponent | exponent calculator with steps | exponent calculator metric | exponent calculator example | exponent calculator accurate | exponent calculator explained,Transactional tool + informational,/exponent-calculator,"Exponent Calculator – Free, Fast & Explained | FigureNest",Exponent Calculator,"Use FigureNest’s free exponent calculator for fast results, clear inputs, worked examples, and an easy explanation of the formula.",Calculator; How it works; Formula; Worked example; Interpretation; FAQs; Related calculators,WebApplication + BreadcrumbList + FAQPage (only when visible FAQs exist),3,Heuristic opportunity tier; validate volume/difficulty before publishing,Backlog,200,,875,2026-09-03,Write original copy and independently test calculations; do not copy competitor text.,158
145,Factor,Math & Statistics,factor-calculator,https://www.calculator.net/factor-calculator.html,Factor Calculator,This free factor calculator computes the factors and prime factors of a given integer.,Factor Calculator,factor calculator,free factor calculator | online factor calculator | factor calculator formula | how to calculate factor | factor calculator with steps | factor calculator metric | factor calculator example | factor calculator accurate | factor calculator explained,Transactional tool + informational,/factor-calculator,"Factor Calculator – Free, Fast & Explained | FigureNest",Factor Calculator,"Use FigureNest’s free factor calculator for fast results, clear inputs, worked examples, and an easy explanation of the formula.",Calculator; How it works; Formula; Worked example; Interpretation; FAQs; Related calculators,WebApplication + BreadcrumbList + FAQPage (only when visible FAQs exist),3,Heuristic opportunity tier; validate volume/difficulty before publishing,Backlog,200,,395,2026-09-03,Write original copy and independently test calculations; do not copy competitor text.,159
144,Gcf,Math & Statistics,gcf-calculator,https://www.calculator.net/gcf-calculator.html,Greatest Common Factor Calculator,"This free GCF calculator determines the greatest common factor of a given set of numbers. Also, learn more about several methods for finding the GCF.",Greatest Common Factor Calculator,gcf calculator,free gcf calculator | online gcf calculator | gcf calculator formula | how to calculate gcf | gcf calculator with steps | gcf calculator metric | gcf calculator example | gcf calculator accurate | gcf calculator explained,Transactional tool + informational,/gcf-calculator,"Gcf Calculator – Free, Fast & Explained | FigureNest",Gcf Calculator,"Use FigureNest’s free gcf calculator for fast results, clear inputs, worked examples, and an easy explanation of the formula.",Calculator; How it works; Formula; Worked example; Interpretation; FAQs; Related calculators,WebApplication + BreadcrumbList + FAQPage (only when visible FAQs exist),3,Heuristic opportunity tier; validate volume/difficulty before publishing,Backlog,200,,585,2026-09-03,Write original copy and independently test calculations; do not copy competitor text.,160
124,Half Life,Math & Statistics,half-life-calculator,https://www.calculator.net/half-life-calculator.html,Half-Life Calculator,"This calculator computes any of the values in the half-life formula given the rest values. It also converts between half-life, mean lifetime, decay constant.",Half-Life Calculator,half life calculator,free half life calculator | online half life calculator | half life calculator formula | how to calculate half life | half life calculator with steps | half life calculator metric | half life calculator example | half life calculator accurate | half life calculator explained,Transactional tool + informational,/half-life-calculator,"Half Life Calculator – Free, Fast & Explained | FigureNest",Half Life Calculator,"Use FigureNest’s free half life calculator for fast results, clear inputs, worked examples, and an easy explanation of the formula.",Calculator; How it works; Formula; Worked example; Interpretation; FAQs; Related calculators,WebApplication + BreadcrumbList + FAQPage (only when visible FAQs exist),3,Heuristic opportunity tier; validate volume/difficulty before publishing,Backlog,200,,474,2026-09-03,Write original copy and independently test calculations; do not copy competitor text.,161
123,Hex,Math & Statistics,hex-calculator,https://www.calculator.net/hex-calculator.html,Hex Calculator,"This free hex calculator can add, subtract, multiply, and divide hexadecimal values, as well as convert between hexadecimal and decimal values.",Hex Calculator,hex calculator,free hex calculator | online hex calculator | hex calculator formula | how to calculate hex | hex calculator with steps | hex calculator metric | hex calculator example | hex calculator accurate | hex calculator explained,Transactional tool + informational,/hex-calculator,"Hex Calculator – Free, Fast & Explained | FigureNest",Hex Calculator,"Use FigureNest’s free hex calculator for fast results, clear inputs, worked examples, and an easy explanation of the formula.",Calculator; How it works; Formula; Worked example; Interpretation; FAQs; Related calculators,WebApplication + BreadcrumbList + FAQPage (only when visible FAQs exist),3,Heuristic opportunity tier; validate volume/difficulty before publishing,Backlog,200,,2023,2026-09-03,Write original copy and independently test calculations; do not copy competitor text.,162
143,Lcm,Math & Statistics,lcm-calculator,https://www.calculator.net/lcm-calculator.html,Least Common Multiple Calculator,"This free LCM calculator determines the least common multiple of a given set of numbers. Also, learn more about the different methods for finding the LCM.",Least Common Multiple Calculator,lcm calculator,free lcm calculator | online lcm calculator | lcm calculator formula | how to calculate lcm | lcm calculator with steps | lcm calculator metric | lcm calculator example | lcm calculator accurate | lcm calculator explained,Transactional tool + informational,/lcm-calculator,"Lcm Calculator – Free, Fast & Explained | FigureNest",Lcm Calculator,"Use FigureNest’s free lcm calculator for fast results, clear inputs, worked examples, and an easy explanation of the formula.",Calculator; How it works; Formula; Worked example; Interpretation; FAQs; Related calculators,WebApplication + BreadcrumbList + FAQPage (only when visible FAQs exist),3,Heuristic opportunity tier; validate volume/difficulty before publishing,Backlog,200,,583,2026-09-03,Write original copy and independently test calculations; do not copy competitor text.,163
127,Log,Math & Statistics,log-calculator,https://www.calculator.net/log-calculator.html,Log Calculator,"This free log calculator solves for the unknown portions of a logarithmic expression using base e, 2, 10, or any other desired base.",Log Calculator (Logarithm),log calculator,free log calculator | online log calculator | log calculator formula | how to calculate log | log calculator with steps | log calculator metric | log calculator example | log calculator accurate | log calculator explained,Transactional tool + informational,/log-calculator,"Log Calculator – Free, Fast & Explained | FigureNest",Log Calculator,"Use FigureNest’s free log calculator for fast results, clear inputs, worked examples, and an easy explanation of the formula.",Calculator; How it works; Formula; Worked example; Interpretation; FAQs; Related calculators,WebApplication + BreadcrumbList + FAQPage (only when visible FAQs exist),3,Heuristic opportunity tier; validate volume/difficulty before publishing,Backlog,200,,495,2026-09-03,Write original copy and independently test calculations; do not copy competitor text.,164
201,Long Division,Math & Statistics,long-division-calculator,https://www.calculator.net/long-division-calculator.html,Long Division Calculator,Free calculator that determines the quotient and remainder of a long division problem. It also provides the calculation steps as well as the result in both fraction and decimal form.,Long Division Calculator,long division calculator,free long division calculator | online long division calculator | long division calculator formula | how to calculate long division | long division calculator with steps | long division calculator metric | long division calculator example | long division calculator accurate | long division calculator explained,Transactional tool + informational,/long-division-calculator,"Long Division Calculator – Free, Fast & Explained | FigureNest",Long Division Calculator,"Use FigureNest’s free long division calculator for fast results, clear inputs, worked examples, and an easy explanation of the formula.",Calculator; How it works; Formula; Worked example; Interpretation; FAQs; Related calculators,WebApplication + BreadcrumbList + FAQPage (only when visible FAQs exist),3,Heuristic opportunity tier; validate volume/difficulty before publishing,Backlog,200,,918,2026-09-03,Write original copy and independently test calculations; do not copy competitor text.,165
147,Matrix,Math & Statistics,matrix-calculator,https://www.calculator.net/matrix-calculator.html,Matrix Calculator,"Free calculator to perform matrix operations on one or two matrices, including addition, subtraction, multiplication, determinant, inverse, or transpose.",Matrix Calculator,matrix calculator,free matrix calculator | online matrix calculator | matrix calculator formula | how to calculate matrix | matrix calculator with steps | matrix calculator metric | matrix calculator example | matrix calculator accurate | matrix calculator explained,Transactional tool + informational,/matrix-calculator,"Matrix Calculator – Free, Fast & Explained | FigureNest",Matrix Calculator,"Use FigureNest’s free matrix calculator for fast results, clear inputs, worked examples, and an easy explanation of the formula.",Calculator; How it works; Formula; Worked example; Interpretation; FAQs; Related calculators,WebApplication + BreadcrumbList + FAQPage (only when visible FAQs exist),3,Heuristic opportunity tier; validate volume/difficulty before publishing,Backlog,200,,4234,2026-09-03,Write original copy and independently test calculations; do not copy competitor text.,166
132,Mean Median Mode Range,Math & Statistics,mean-median-mode-range-calculator,https://www.calculator.net/mean-median-mode-range-calculator.html,"Mean, Median, Mode, Range Calculator","This calculator determines the mean, median, mode, and range of a given data set. Also, learn more about these statistical values and when each should be used.","Mean, Median, Mode, Range Calculator",mean median mode range calculator,free mean median mode range calculator | online mean median mode range calculator | mean median mode range calculator formula | how to calculate mean median mode range | mean median mode range calculator with steps | mean median mode range calculator metric | mean median mode range calculator example | mean median mode range calculator accurate | mean median mode range calculator explained,Transactional tool + informational,/mean-median-mode-range-calculator,"Mean Median Mode Range Calculator – Free, Fast & Explained | FigureNest",Mean Median Mode Range Calculator,"Use FigureNest’s free mean median mode range calculator for fast results, clear inputs, worked examples, and an easy explanation of the formula.",Calculator; How it works; Formula; Worked example; Interpretation; FAQs; Related calculators,WebApplication + BreadcrumbList + FAQPage (only when visible FAQs exist),3,Heuristic opportunity tier; validate volume/difficulty before publishing,Backlog,200,,1316,2026-09-03,Write original copy and independently test calculations; do not copy competitor text.,167
119,Number Sequence,Math & Statistics,number-sequence-calculator,https://www.calculator.net/number-sequence-calculator.html,Number Sequence Calculator,"This free number sequence calculator can determine the terms (as well as the sum of all terms) of the arithmetic, geometric, or Fibonacci sequence.",Number Sequence Calculator,number sequence calculator,free number sequence calculator | online number sequence calculator | number sequence calculator formula | how to calculate number sequence | number sequence calculator with steps | number sequence calculator metric | number sequence calculator example | number sequence calculator accurate | number sequence calculator explained,Transactional tool + informational,/number-sequence-calculator,"Number Sequence Calculator – Free, Fast & Explained | FigureNest",Number Sequence Calculator,"Use FigureNest’s free number sequence calculator for fast results, clear inputs, worked examples, and an easy explanation of the formula.",Calculator; How it works; Formula; Worked example; Interpretation; FAQs; Related calculators,WebApplication + BreadcrumbList + FAQPage (only when visible FAQs exist),3,Heuristic opportunity tier; validate volume/difficulty before publishing,Backlog,200,,1040,2026-09-03,Write original copy and independently test calculations; do not copy competitor text.,168
133,Permutation And Combination,Math & Statistics,permutation-and-combination-calculator,https://www.calculator.net/permutation-and-combination-calculator.html,Permutation and Combination Calculator,This free calculator can compute the number of possible permutations and combinations when selecting r elements from a set of n elements.,Permutation and Combination Calculator,permutation and combination calculator,free permutation and combination calculator | online permutation and combination calculator | permutation and combination calculator formula | how to calculate permutation and combination | permutation and combination calculator with steps | permutation and combination calculator metric | permutation and combination calculator example | permutation and combination calculator accurate | permutation and combination calculator explained,Transactional tool + informational,/permutation-and-combination-calculator,"Permutation And Combination Calculator – Free, Fast & Explained | FigureNest",Permutation And Combination Calculator,"Use FigureNest’s free permutation and combination calculator for fast results, clear inputs, worked examples, and an easy explanation of the formula.",Calculator; How it works; Formula; Worked example; Interpretation; FAQs; Related calculators,WebApplication + BreadcrumbList + FAQPage (only when visible FAQs exist),3,Heuristic opportunity tier; validate volume/difficulty before publishing,Backlog,200,,1067,2026-09-03,Write original copy and independently test calculations; do not copy competitor text.,169
198,Prime Factorization,Math & Statistics,prime-factorization-calculator,https://www.calculator.net/prime-factorization-calculator.html,Prime Factorization Calculator,This free prime factorization calculator finds the prime factors as well the factor tree of a given integer.,Prime Factorization Calculator,prime factorization calculator,free prime factorization calculator | online prime factorization calculator | prime factorization calculator formula | how to calculate prime factorization | prime factorization calculator with steps | prime factorization calculator metric | prime factorization calculator example | prime factorization calculator accurate | prime factorization calculator explained,Transactional tool + informational,/prime-factorization-calculator,"Prime Factorization Calculator – Free, Fast & Explained | FigureNest",Prime Factorization Calculator,"Use FigureNest’s free prime factorization calculator for fast results, clear inputs, worked examples, and an easy explanation of the formula.",Calculator; How it works; Formula; Worked example; Interpretation; FAQs; Related calculators,WebApplication + BreadcrumbList + FAQPage (only when visible FAQs exist),3,Heuristic opportunity tier; validate volume/difficulty before publishing,Backlog,200,,1923,2026-09-03,Write original copy and independently test calculations; do not copy competitor text.,170
130,Probability,Math & Statistics,probability-calculator,https://www.calculator.net/probability-calculator.html,Probability Calculator,"This calculator can calculate the probability of two events, as well as that of a normal distribution. Also, learn more about different types of probabilities.",Probability Calculator,probability calculator,free probability calculator | online probability calculator | probability calculator formula | how to calculate probability | probability calculator with steps | probability calculator metric | probability calculator example | probability calculator accurate | probability calculator explained,Transactional tool + informational,/probability-calculator,"Probability Calculator – Free, Fast & Explained | FigureNest",Probability Calculator,"Use FigureNest’s free probability calculator for fast results, clear inputs, worked examples, and an easy explanation of the formula.",Calculator; How it works; Formula; Worked example; Interpretation; FAQs; Related calculators,WebApplication + BreadcrumbList + FAQPage (only when visible FAQs exist),3,Heuristic opportunity tier; validate volume/difficulty before publishing,Backlog,200,,3101,2026-09-03,Write original copy and independently test calculations; do not copy competitor text.,171
140,Pythagorean Theorem,Math & Statistics,pythagorean-theorem-calculator,https://www.calculator.net/pythagorean-theorem-calculator.html,Pythagorean Theorem Calculator,"Pythagorean Theorem calculator to find out the unknown length of a right triangle. It can provide the calculation steps, area, perimeter, height, and angles.",Pythagorean Theorem Calculator,pythagorean theorem calculator,free pythagorean theorem calculator | online pythagorean theorem calculator | pythagorean theorem calculator formula | how to calculate pythagorean theorem | pythagorean theorem calculator with steps | pythagorean theorem calculator metric | pythagorean theorem calculator example | pythagorean theorem calculator accurate | pythagorean theorem calculator explained,Transactional tool + informational,/pythagorean-theorem-calculator,"Pythagorean Theorem Calculator – Free, Fast & Explained | FigureNest",Pythagorean Theorem Calculator,"Use FigureNest’s free pythagorean theorem calculator for fast results, clear inputs, worked examples, and an easy explanation of the formula.",Calculator; How it works; Formula; Worked example; Interpretation; FAQs; Related calculators,WebApplication + BreadcrumbList + FAQPage (only when visible FAQs exist),3,Heuristic opportunity tier; validate volume/difficulty before publishing,Backlog,200,,701,2026-09-03,Write original copy and independently test calculations; do not copy competitor text.,172
125,Quadratic Formula,Math & Statistics,quadratic-formula-calculator,https://www.calculator.net/quadratic-formula-calculator.html,Quadratic Formula Calculator,"This free quadratic formula calculator solves the quadratic formula given values for a, b, and c. Also, learn more about its derivation.",Quadratic Formula Calculator,quadratic formula calculator,free quadratic formula calculator | online quadratic formula calculator | quadratic formula calculator formula | how to calculate quadratic formula | quadratic formula calculator with steps | quadratic formula calculator metric | quadratic formula calculator example | quadratic formula calculator accurate | quadratic formula calculator explained,Transactional tool + informational,/quadratic-formula-calculator,"Quadratic Formula Calculator – Free, Fast & Explained | FigureNest",Quadratic Formula Calculator,"Use FigureNest’s free quadratic formula calculator for fast results, clear inputs, worked examples, and an easy explanation of the formula.",Calculator; How it works; Formula; Worked example; Interpretation; FAQs; Related calculators,WebApplication + BreadcrumbList + FAQPage (only when visible FAQs exist),3,Heuristic opportunity tier; validate volume/difficulty before publishing,Backlog,200,,478,2026-09-03,Write original copy and independently test calculations; do not copy competitor text.,173
36,Random Number Generator,Math & Statistics,random-number-generator,https://www.calculator.net/random-number-generator.html,Random Number Generator,Two free random number generators that work in user-defined min and max range. Both random integers and decimal numbers can be generated with high precision.,Random Number Generator,random number generator,free random number generator | online random number generator | random number generator formula | how to calculate random number generator | random number generator with steps | random number generator metric | random number generator example | random number generator calculator accurate | random number generator calculator explained,Transactional tool + informational,/random-number-generator-calculator,"Random Number Generator Calculator – Free, Fast & Explained | FigureNest",Random Number Generator Calculator,"Use FigureNest’s free random number generator calculator for fast results, clear inputs, worked examples, and an easy explanation of the formula.",Calculator; How it works; Formula; Worked example; Interpretation; FAQs; Related calculators,WebApplication + BreadcrumbList + FAQPage (only when visible FAQs exist),3,Heuristic opportunity tier; validate volume/difficulty before publishing,Backlog,200,,515,2026-09-03,Write original copy and independently test calculations; do not copy competitor text.,174
136,Ratio,Math & Statistics,ratio-calculator,https://www.calculator.net/ratio-calculator.html,Ratio Calculator,"This ratio calculator solves ratios, scales ratios, or finds the missing value in a set of ratios. It can also give out ratio visual representation samples.",Ratio Calculator,ratio calculator,free ratio calculator | online ratio calculator | ratio calculator formula | how to calculate ratio | ratio calculator with steps | ratio calculator metric | ratio calculator example | ratio calculator accurate | ratio calculator explained,Transactional tool + informational,/ratio-calculator,"Ratio Calculator – Free, Fast & Explained | FigureNest",Ratio Calculator,"Use FigureNest’s free ratio calculator for fast results, clear inputs, worked examples, and an easy explanation of the formula.",Calculator; How it works; Formula; Worked example; Interpretation; FAQs; Related calculators,WebApplication + BreadcrumbList + FAQPage (only when visible FAQs exist),3,Heuristic opportunity tier; validate volume/difficulty before publishing,Backlog,200,,680,2026-09-03,Write original copy and independently test calculations; do not copy competitor text.,175
141,Right Triangle,Math & Statistics,right-triangle-calculator,https://www.calculator.net/right-triangle-calculator.html,Right Triangle Calculator,"Right triangle calculator to compute side length, angle, height, area, and perimeter of a right triangle given any 2 values. It gives the calculation steps.",Right Triangle Calculator,right triangle calculator,free right triangle calculator | online right triangle calculator | right triangle calculator formula | how to calculate right triangle | right triangle calculator with steps | right triangle calculator metric | right triangle calculator example | right triangle calculator accurate | right triangle calculator explained,Transactional tool + informational,/right-triangle-calculator,"Right Triangle Calculator – Free, Fast & Explained | FigureNest",Right Triangle Calculator,"Use FigureNest’s free right triangle calculator for fast results, clear inputs, worked examples, and an easy explanation of the formula.",Calculator; How it works; Formula; Worked example; Interpretation; FAQs; Related calculators,WebApplication + BreadcrumbList + FAQPage (only when visible FAQs exist),3,Heuristic opportunity tier; validate volume/difficulty before publishing,Backlog,200,,816,2026-09-03,Write original copy and independently test calculations; do not copy competitor text.,176
142,Root,Math & Statistics,root-calculator,https://www.calculator.net/root-calculator.html,Root Calculator,"This free root calculator determines the roots of numbers, including common roots such as a square root or a cubed root.",Root Calculator,root calculator,free root calculator | online root calculator | root calculator formula | how to calculate root | root calculator with steps | root calculator metric | root calculator example | root calculator accurate | root calculator explained,Transactional tool + informational,/root-calculator,"Root Calculator – Free, Fast & Explained | FigureNest",Root Calculator,"Use FigureNest’s free root calculator for fast results, clear inputs, worked examples, and an easy explanation of the formula.",Calculator; How it works; Formula; Worked example; Interpretation; FAQs; Related calculators,WebApplication + BreadcrumbList + FAQPage (only when visible FAQs exist),3,Heuristic opportunity tier; validate volume/difficulty before publishing,Backlog,200,,487,2026-09-03,Write original copy and independently test calculations; do not copy competitor text.,177
146,Rounding,Math & Statistics,rounding-calculator,https://www.calculator.net/rounding-calculator.html,Rounding Calculator,"Free tool to round numbers to thousands, hundreds, tens, tenths, hundredths, fractions, or many other levels of precision using the popular rounding methods.",Rounding Calculator,rounding calculator,free rounding calculator | online rounding calculator | rounding calculator formula | how to calculate rounding | rounding calculator with steps | rounding calculator metric | rounding calculator example | rounding calculator accurate | rounding calculator explained,Transactional tool + informational,/rounding-calculator,"Rounding Calculator – Free, Fast & Explained | FigureNest",Rounding Calculator,"Use FigureNest’s free rounding calculator for fast results, clear inputs, worked examples, and an easy explanation of the formula.",Calculator; How it works; Formula; Worked example; Interpretation; FAQs; Related calculators,WebApplication + BreadcrumbList + FAQPage (only when visible FAQs exist),3,Heuristic opportunity tier; validate volume/difficulty before publishing,Backlog,200,,1082,2026-09-03,Write original copy and independently test calculations; do not copy competitor text.,178
129,Sample Size,Math & Statistics,sample-size-calculator,https://www.calculator.net/sample-size-calculator.html,Sample Size Calculator,"This free sample size calculator determines the sample size required to meet a given set of constraints. Also, learn more about population standard deviation.",Sample Size Calculator,sample size calculator,free sample size calculator | online sample size calculator | sample size calculator formula | how to calculate sample size | sample size calculator with steps | sample size calculator metric | sample size calculator example | sample size calculator accurate | sample size calculator explained,Transactional tool + informational,/sample-size-calculator,"Sample Size Calculator – Free, Fast & Explained | FigureNest",Sample Size Calculator,"Use FigureNest’s free sample size calculator for fast results, clear inputs, worked examples, and an easy explanation of the formula.",Calculator; How it works; Formula; Worked example; Interpretation; FAQs; Related calculators,WebApplication + BreadcrumbList + FAQPage (only when visible FAQs exist),3,Heuristic opportunity tier; validate volume/difficulty before publishing,Backlog,200,,1531,2026-09-03,Write original copy and independently test calculations; do not copy competitor text.,179
126,Slope,Math & Statistics,slope-calculator,https://www.calculator.net/slope-calculator.html,Slope Calculator,"This slope calculator solves for parameters involving slope and the equation of a line. It takes inputs of two known points, or one known point and the slope.",Slope Calculator,slope calculator,free slope calculator | online slope calculator | slope calculator formula | how to calculate slope | slope calculator with steps | slope calculator metric | slope calculator example | slope calculator accurate | slope calculator explained,Transactional tool + informational,/slope-calculator,"Slope Calculator – Free, Fast & Explained | FigureNest",Slope Calculator,"Use FigureNest’s free slope calculator for fast results, clear inputs, worked examples, and an easy explanation of the formula.",Calculator; How it works; Formula; Worked example; Interpretation; FAQs; Related calculators,WebApplication + BreadcrumbList + FAQPage (only when visible FAQs exist),3,Heuristic opportunity tier; validate volume/difficulty before publishing,Backlog,200,,722,2026-09-03,Write original copy and independently test calculations; do not copy competitor text.,180
35,Standard Deviation,Math & Statistics,standard-deviation-calculator,https://www.calculator.net/standard-deviation-calculator.html,Standard Deviation Calculator,"This free standard deviation calculator computes the standard deviation, variance, mean, sum, and error margin of a given data set.",Standard Deviation Calculator,standard deviation calculator,free standard deviation calculator | online standard deviation calculator | standard deviation calculator formula | how to calculate standard deviation | standard deviation calculator with steps | standard deviation calculator metric | standard deviation calculator example | standard deviation calculator accurate | standard deviation calculator explained,Transactional tool + informational,/standard-deviation-calculator,"Standard Deviation Calculator – Free, Fast & Explained | FigureNest",Standard Deviation Calculator,"Use FigureNest’s free standard deviation calculator for fast results, clear inputs, worked examples, and an easy explanation of the formula.",Calculator; How it works; Formula; Worked example; Interpretation; FAQs; Related calculators,WebApplication + BreadcrumbList + FAQPage (only when visible FAQs exist),3,Heuristic opportunity tier; validate volume/difficulty before publishing,Backlog,200,,1277,2026-09-03,Write original copy and independently test calculations; do not copy competitor text.,181
131,Statistics,Math & Statistics,statistics-calculator,https://www.calculator.net/statistics-calculator.html,Statistics Calculator,"This statistics calculator computes a number of common statistical values including standard deviation, mean, sum, geometric mean, and more, given a data set.",Statistics Calculator,statistics calculator,free statistics calculator | online statistics calculator | statistics calculator formula | how to calculate statistics | statistics calculator with steps | statistics calculator metric | statistics calculator example | statistics calculator accurate | statistics calculator explained,Transactional tool + informational,/statistics-calculator,"Statistics Calculator – Free, Fast & Explained | FigureNest",Statistics Calculator,"Use FigureNest’s free statistics calculator for fast results, clear inputs, worked examples, and an easy explanation of the formula.",Calculator; How it works; Formula; Worked example; Interpretation; FAQs; Related calculators,WebApplication + BreadcrumbList + FAQPage (only when visible FAQs exist),3,Heuristic opportunity tier; validate volume/difficulty before publishing,Backlog,200,,724,2026-09-03,Write original copy and independently test calculations; do not copy competitor text.,182
139,Surface Area,Math & Statistics,surface-area-calculator,https://www.calculator.net/surface-area-calculator.html,Surface Area Calculator,"This calculator computes the surface area of a number of common shapes, including sphere, cone, cube, cylinder, capsule, cap, conical frustum, and more.",Surface Area Calculator,surface area calculator,free surface area calculator | online surface area calculator | surface area calculator formula | how to calculate surface area | surface area calculator with steps | surface area calculator metric | surface area calculator example | surface area calculator accurate | surface area calculator explained,Transactional tool + informational,/surface-area-calculator,"Surface Area Calculator – Free, Fast & Explained | FigureNest",Surface Area Calculator,"Use FigureNest’s free surface area calculator for fast results, clear inputs, worked examples, and an easy explanation of the formula.",Calculator; How it works; Formula; Worked example; Interpretation; FAQs; Related calculators,WebApplication + BreadcrumbList + FAQPage (only when visible FAQs exist),3,Heuristic opportunity tier; validate volume/difficulty before publishing,Backlog,200,,2310,2026-09-03,Write original copy and independently test calculations; do not copy competitor text.,183
33,Triangle,Math & Statistics,triangle-calculator,https://www.calculator.net/triangle-calculator.html,Triangle Calculator,"This free triangle calculator computes the edges, angles, area, height, perimeter, median, as well as other values and a diagram of the resulting triangle.",Triangle Calculator,triangle calculator,free triangle calculator | online triangle calculator | triangle calculator formula | how to calculate triangle | triangle calculator with steps | triangle calculator metric | triangle calculator example | triangle calculator accurate | triangle calculator explained,Transactional tool + informational,/triangle-calculator,"Triangle Calculator – Free, Fast & Explained | FigureNest",Triangle Calculator,"Use FigureNest’s free triangle calculator for fast results, clear inputs, worked examples, and an easy explanation of the formula.",Calculator; How it works; Formula; Worked example; Interpretation; FAQs; Related calculators,WebApplication + BreadcrumbList + FAQPage (only when visible FAQs exist),3,Heuristic opportunity tier; validate volume/difficulty before publishing,Backlog,200,,1770,2026-09-03,Write original copy and independently test calculations; do not copy competitor text.,184
34,Volume,Math & Statistics,volume-calculator,https://www.calculator.net/volume-calculator.html,Volume Calculator,"This free volume calculator computes the volumes of common shapes, including sphere, cone, cube, cylinder, capsule, cap, conical frustum, ellipsoid, and more.",Volume Calculator,volume calculator,free volume calculator | online volume calculator | volume calculator formula | how to calculate volume | volume calculator with steps | volume calculator metric | volume calculator example | volume calculator accurate | volume calculator explained,Transactional tool + informational,/volume-calculator,"Volume Calculator – Free, Fast & Explained | FigureNest",Volume Calculator,"Use FigureNest’s free volume calculator for fast results, clear inputs, worked examples, and an easy explanation of the formula.",Calculator; How it works; Formula; Worked example; Interpretation; FAQs; Related calculators,WebApplication + BreadcrumbList + FAQPage (only when visible FAQs exist),3,Heuristic opportunity tier; validate volume/difficulty before publishing,Backlog,200,,3252,2026-09-03,Write original copy and independently test calculations; do not copy competitor text.,185
134,Z Score,Math & Statistics,z-score-calculator,https://www.calculator.net/z-score-calculator.html,Z-score Calculator,"Calculator to find out the z-score of a normal distribution, convert between z-score and probability, and find the probability between 2 z-scores.",Z-score Calculator,z score calculator,free z score calculator | online z score calculator | z score calculator formula | how to calculate z score | z score calculator with steps | z score calculator metric | z score calculator example | z score calculator accurate | z score calculator explained,Transactional tool + informational,/z-score-calculator,"Z Score Calculator – Free, Fast & Explained | FigureNest",Z Score Calculator,"Use FigureNest’s free z score calculator for fast results, clear inputs, worked examples, and an easy explanation of the formula.",Calculator; How it works; Formula; Worked example; Interpretation; FAQs; Related calculators,WebApplication + BreadcrumbList + FAQPage (only when visible FAQs exist),3,Heuristic opportunity tier; validate volume/difficulty before publishing,Backlog,200,,1554,2026-09-03,Write original copy and independently test calculations; do not copy competitor text.,186
168,Density,Science & Engineering,density-calculator,https://www.calculator.net/density-calculator.html,Density Calculator,This free density calculator determines any of the three variables in the density equation given the other two.,Density Calculator,density calculator,free density calculator | online density calculator | density calculator formula | how to calculate density | density calculator with steps | density calculator metric | density calculator example | density calculator accurate | density calculator explained,Transactional tool + informational,/density-calculator,"Density Calculator – Free, Fast & Explained | FigureNest",Density Calculator,"Use FigureNest’s free density calculator for fast results, clear inputs, worked examples, and an easy explanation of the formula.",Calculator; How it works; Formula; Worked example; Interpretation; FAQs; Related calculators,WebApplication + BreadcrumbList + FAQPage (only when visible FAQs exist),3,Heuristic opportunity tier; validate volume/difficulty before publishing,Backlog,200,,752,2026-09-03,Write original copy and independently test calculations; do not copy competitor text.,187
184,Dew Point,Science & Engineering,dew-point-calculator,https://www.calculator.net/dew-point-calculator.html,Dew Point Calculator,"This free dew point calculator calculates dew point, relative humidity, or air temperature if given any of the other two values.",Dew Point Calculator,dew point calculator,free dew point calculator | online dew point calculator | dew point calculator formula | how to calculate dew point | dew point calculator with steps | dew point calculator metric | dew point calculator example | dew point calculator accurate | dew point calculator explained,Transactional tool + informational,/dew-point-calculator,"Dew Point Calculator – Free, Fast & Explained | FigureNest",Dew Point Calculator,"Use FigureNest’s free dew point calculator for fast results, clear inputs, worked examples, and an easy explanation of the formula.",Calculator; How it works; Formula; Worked example; Interpretation; FAQs; Related calculators,WebApplication + BreadcrumbList + FAQPage (only when visible FAQs exist),3,Heuristic opportunity tier; validate volume/difficulty before publishing,Backlog,200,,830,2026-09-03,Write original copy and independently test calculations; do not copy competitor text.,188
160,Engine Horsepower,Science & Engineering,engine-horsepower-calculator,https://www.calculator.net/engine-horsepower-calculator.html,Engine Horsepower Calculator,This free engine horsepower calculator estimates vehicle engine horsepower using two different methods: the elapsed time method and the trap-speed method.,Engine Horsepower Calculator,engine horsepower calculator,free engine horsepower calculator | online engine horsepower calculator | engine horsepower calculator formula | how to calculate engine horsepower | engine horsepower calculator with steps | engine horsepower calculator metric | engine horsepower calculator example | engine horsepower calculator accurate | engine horsepower calculator explained,Transactional tool + informational,/engine-horsepower-calculator,"Engine Horsepower Calculator – Free, Fast & Explained | FigureNest",Engine Horsepower Calculator,"Use FigureNest’s free engine horsepower calculator for fast results, clear inputs, worked examples, and an easy explanation of the formula.",Calculator; How it works; Formula; Worked example; Interpretation; FAQs; Related calculators,WebApplication + BreadcrumbList + FAQPage (only when visible FAQs exist),3,Heuristic opportunity tier; validate volume/difficulty before publishing,Backlog,200,,1268,2026-09-03,Write original copy and independently test calculations; do not copy competitor text.,189
183,Heat Index,Science & Engineering,heat-index-calculator,https://www.calculator.net/heat-index-calculator.html,Heat Index Calculator,This calculator estimates heat index temperature felt by the human body based on the actual measured air temperature together with humidity level or dew point.,Heat Index Calculator,heat index calculator,free heat index calculator | online heat index calculator | heat index calculator formula | how to calculate heat index | heat index calculator with steps | heat index calculator metric | heat index calculator example | heat index calculator accurate | heat index calculator explained,Transactional tool + informational,/heat-index-calculator,"Heat Index Calculator – Free, Fast & Explained | FigureNest",Heat Index Calculator,"Use FigureNest’s free heat index calculator for fast results, clear inputs, worked examples, and an easy explanation of the formula.",Calculator; How it works; Formula; Worked example; Interpretation; FAQs; Related calculators,WebApplication + BreadcrumbList + FAQPage (only when visible FAQs exist),3,Heuristic opportunity tier; validate volume/difficulty before publishing,Backlog,200,,814,2026-09-03,Write original copy and independently test calculations; do not copy competitor text.,190
159,Horsepower,Science & Engineering,horsepower-calculator,https://www.calculator.net/horsepower-calculator.html,Horsepower Calculator,"This free calculator determines horsepower as a unit of power given force, distance, and time. Also provided is a converter for common units of power.",Horsepower Calculator,horsepower calculator,free horsepower calculator | online horsepower calculator | horsepower calculator formula | how to calculate horsepower | horsepower calculator with steps | horsepower calculator metric | horsepower calculator example | horsepower calculator accurate | horsepower calculator explained,Transactional tool + informational,/horsepower-calculator,"Horsepower Calculator – Free, Fast & Explained | FigureNest",Horsepower Calculator,"Use FigureNest’s free horsepower calculator for fast results, clear inputs, worked examples, and an easy explanation of the formula.",Calculator; How it works; Formula; Worked example; Interpretation; FAQs; Related calculators,WebApplication + BreadcrumbList + FAQPage (only when visible FAQs exist),3,Heuristic opportunity tier; validate volume/difficulty before publishing,Backlog,200,,673,2026-09-03,Write original copy and independently test calculations; do not copy competitor text.,191
169,Mass,Science & Engineering,mass-calculator,https://www.calculator.net/mass-calculator.html,Mass Calculator,"This free mass calculator calculates mass, given density and volume, using various standard units of measurement.",Mass Calculator,mass calculator,free mass calculator | online mass calculator | mass calculator formula | how to calculate mass | mass calculator with steps | mass calculator metric | mass calculator example | mass calculator accurate | mass calculator explained,Transactional tool + informational,/mass-calculator,"Mass Calculator – Free, Fast & Explained | FigureNest",Mass Calculator,"Use FigureNest’s free mass calculator for fast results, clear inputs, worked examples, and an easy explanation of the formula.",Calculator; How it works; Formula; Worked example; Interpretation; FAQs; Related calculators,WebApplication + BreadcrumbList + FAQPage (only when visible FAQs exist),3,Heuristic opportunity tier; validate volume/difficulty before publishing,Backlog,200,,957,2026-09-03,Write original copy and independently test calculations; do not copy competitor text.,192
172,Molarity,Science & Engineering,molarity-calculator,https://www.calculator.net/molarity-calculator.html,Molarity Calculator,"This free molarity calculator determines any of the four variables in the molarity equation, given the other three.",Molarity Calculator,molarity calculator,free molarity calculator | online molarity calculator | molarity calculator formula | how to calculate molarity | molarity calculator with steps | molarity calculator metric | molarity calculator example | molarity calculator accurate | molarity calculator explained,Transactional tool + informational,/molarity-calculator,"Molarity Calculator – Free, Fast & Explained | FigureNest",Molarity Calculator,"Use FigureNest’s free molarity calculator for fast results, clear inputs, worked examples, and an easy explanation of the formula.",Calculator; How it works; Formula; Worked example; Interpretation; FAQs; Related calculators,WebApplication + BreadcrumbList + FAQPage (only when visible FAQs exist),3,Heuristic opportunity tier; validate volume/difficulty before publishing,Backlog,200,,1214,2026-09-03,Write original copy and independently test calculations; do not copy competitor text.,193
171,Speed,Science & Engineering,speed-calculator,https://www.calculator.net/speed-calculator.html,Speed Calculator,This free speed calculator computes any of the three variables in the speed distance time equation given the other two.,Speed Calculator,speed calculator,free speed calculator | online speed calculator | speed calculator formula | how to calculate speed | speed calculator with steps | speed calculator metric | speed calculator example | speed calculator accurate | speed calculator explained,Transactional tool + informational,/speed-calculator,"Speed Calculator – Free, Fast & Explained | FigureNest",Speed Calculator,"Use FigureNest’s free speed calculator for fast results, clear inputs, worked examples, and an easy explanation of the formula.",Calculator; How it works; Formula; Worked example; Interpretation; FAQs; Related calculators,WebApplication + BreadcrumbList + FAQPage (only when visible FAQs exist),3,Heuristic opportunity tier; validate volume/difficulty before publishing,Backlog,200,,1162,2026-09-03,Write original copy and independently test calculations; do not copy competitor text.,194
182,Wind Chill,Science & Engineering,wind-chill-calculator,https://www.calculator.net/wind-chill-calculator.html,Wind Chill Calculator,This calculator estimates wind chill temperature based on air temperature and wind speed. It also estimates the exposure time that will cause frostbite.,Wind Chill Calculator,wind chill calculator,free wind chill calculator | online wind chill calculator | wind chill calculator formula | how to calculate wind chill | wind chill calculator with steps | wind chill calculator metric | wind chill calculator example | wind chill calculator accurate | wind chill calculator explained,Transactional tool + informational,/wind-chill-calculator,"Wind Chill Calculator – Free, Fast & Explained | FigureNest",Wind Chill Calculator,"Use FigureNest’s free wind chill calculator for fast results, clear inputs, worked examples, and an easy explanation of the formula.",Calculator; How it works; Formula; Worked example; Interpretation; FAQs; Related calculators,WebApplication + BreadcrumbList + FAQPage (only when visible FAQs exist),3,Heuristic opportunity tier; validate volume/difficulty before publishing,Backlog,200,,1383,2026-09-03,Write original copy and independently test calculations; do not copy competitor text.,195
185,Bandwidth,Technology & Electrical,bandwidth-calculator,https://www.calculator.net/bandwidth-calculator.html,Bandwidth Calculator,"This calculator can convert between units of bandwidth, estimate download or upload times, as well as estimate the bandwidth required to host a website.",Bandwidth Calculator,bandwidth calculator,free bandwidth calculator | online bandwidth calculator | bandwidth calculator formula | how to calculate bandwidth | bandwidth calculator with steps | bandwidth calculator metric | bandwidth calculator example | bandwidth calculator accurate | bandwidth calculator explained,Transactional tool + informational,/bandwidth-calculator,"Bandwidth Calculator – Free, Fast & Explained | FigureNest",Bandwidth Calculator,"Use FigureNest’s free bandwidth calculator for fast results, clear inputs, worked examples, and an easy explanation of the formula.",Calculator; How it works; Formula; Worked example; Interpretation; FAQs; Related calculators,WebApplication + BreadcrumbList + FAQPage (only when visible FAQs exist),3,Heuristic opportunity tier; validate volume/difficulty before publishing,Backlog,200,,893,2026-09-03,Write original copy and independently test calculations; do not copy competitor text.,196
186,Base64 Encode Decode,Technology & Electrical,base64-encode-decode,https://www.calculator.net/base64-encode-decode.html,Base64 Encode / Decode,"This free online tool can Base64-encode or decode text, images, and files directly in the browser without sending the data across the internet.",Base64 Encode / Decode,base64 encode decode,free base64 encode decode | online base64 encode decode | base64 encode decode formula | how to calculate base64 encode decode | base64 encode decode with steps | base64 encode decode metric | base64 encode decode example | base64 encode decode calculator accurate | base64 encode decode calculator explained,Transactional tool + informational,/base64-encode-decode-calculator,"Base64 Encode Decode Calculator – Free, Fast & Explained | FigureNest",Base64 Encode Decode Calculator,"Use FigureNest’s free base64 encode decode calculator for fast results, clear inputs, worked examples, and an easy explanation of the formula.",Calculator; How it works; Formula; Worked example; Interpretation; FAQs; Related calculators,WebApplication + BreadcrumbList + FAQPage (only when visible FAQs exist),3,Heuristic opportunity tier; validate volume/difficulty before publishing,Backlog,200,,1589,2026-09-03,Write original copy and independently test calculations; do not copy competitor text.,197
164,Electricity,Technology & Electrical,electricity-calculator,https://www.calculator.net/electricity-calculator.html,Electricity Calculator,Free electricity calculator to estimate electricity usage as well as cost based on the power requirements and usage of appliances.,Electricity Calculator,electricity calculator,free electricity calculator | online electricity calculator | electricity calculator formula | how to calculate electricity | electricity calculator with steps | electricity calculator metric | electricity calculator example | electricity calculator accurate | electricity calculator explained,Transactional tool + informational,/electricity-calculator,"Electricity Calculator – Free, Fast & Explained | FigureNest",Electricity Calculator,"Use FigureNest’s free electricity calculator for fast results, clear inputs, worked examples, and an easy explanation of the formula.",Calculator; How it works; Formula; Worked example; Interpretation; FAQs; Related calculators,WebApplication + BreadcrumbList + FAQPage (only when visible FAQs exist),3,Heuristic opportunity tier; validate volume/difficulty before publishing,Backlog,200,,1444,2026-09-03,Write original copy and independently test calculations; do not copy competitor text.,198
45,Ip Subnet,Technology & Electrical,ip-subnet-calculator,https://www.calculator.net/ip-subnet-calculator.html,IP Subnet Calculator,"This IP subnet calculator covers both IPv4 and IPv6 protocols, providing information such as IP address, network address, subnet mask, IP range, and more.",IP Subnet Calculator,ip subnet calculator,free ip subnet calculator | online ip subnet calculator | ip subnet calculator formula | how to calculate ip subnet | ip subnet calculator with steps | ip subnet calculator metric | ip subnet calculator example | ip subnet calculator accurate | ip subnet calculator explained,Transactional tool + informational,/ip-subnet-calculator,"Ip Subnet Calculator – Free, Fast & Explained | FigureNest",Ip Subnet Calculator,"Use FigureNest’s free ip subnet calculator for fast results, clear inputs, worked examples, and an easy explanation of the formula.",Calculator; How it works; Formula; Worked example; Interpretation; FAQs; Related calculators,WebApplication + BreadcrumbList + FAQPage (only when visible FAQs exist),3,Heuristic opportunity tier; validate volume/difficulty before publishing,Backlog,200,,1110,2026-09-03,Write original copy and independently test calculations; do not copy competitor text.,199
163,Ohms Law,Technology & Electrical,ohms-law-calculator,https://www.calculator.net/ohms-law-calculator.html,Ohms Law Calculator,This free Ohm's Law calculator solves for any of the variables in the Ohm's Law equation using various units of measurement and gives out the solving steps.,Ohms Law Calculator,ohms law calculator,free ohms law calculator | online ohms law calculator | ohms law calculator formula | how to calculate ohms law | ohms law calculator with steps | ohms law calculator metric | ohms law calculator example | ohms law calculator accurate | ohms law calculator explained,Transactional tool + informational,/ohms-law-calculator,"Ohms Law Calculator – Free, Fast & Explained | FigureNest",Ohms Law Calculator,"Use FigureNest’s free ohms law calculator for fast results, clear inputs, worked examples, and an easy explanation of the formula.",Calculator; How it works; Formula; Worked example; Interpretation; FAQs; Related calculators,WebApplication + BreadcrumbList + FAQPage (only when visible FAQs exist),3,Heuristic opportunity tier; validate volume/difficulty before publishing,Backlog,200,,456,2026-09-03,Write original copy and independently test calculations; do not copy competitor text.,200
47,Password Generator,Technology & Electrical,password-generator,https://www.calculator.net/password-generator.html,Password Generator,"A random password generator to create strong and secure passwords. To ensure security, they are generated on the webpage without being sent over the internet.",Random Password Generator,password generator,free password generator | online password generator | password generator formula | how to calculate password generator | password generator with steps | password generator metric | password generator example | password generator calculator accurate | password generator calculator explained,Transactional tool + informational,/password-generator-calculator,"Password Generator Calculator – Free, Fast & Explained | FigureNest",Password Generator Calculator,"Use FigureNest’s free password generator calculator for fast results, clear inputs, worked examples, and an easy explanation of the formula.",Calculator; How it works; Formula; Worked example; Interpretation; FAQs; Related calculators,WebApplication + BreadcrumbList + FAQPage (only when visible FAQs exist),3,Heuristic opportunity tier; validate volume/difficulty before publishing,Backlog,200,,1627,2026-09-03,Write original copy and independently test calculations; do not copy competitor text.,201
162,Resistor,Technology & Electrical,resistor-calculator,https://www.calculator.net/resistor-calculator.html,Resistor Calculator,This resistor calculator converts the ohm value and tolerance based on resistor color codes and determines the resistances of resistors in parallel or series.,Resistor Calculator,resistor calculator,free resistor calculator | online resistor calculator | resistor calculator formula | how to calculate resistor | resistor calculator with steps | resistor calculator metric | resistor calculator example | resistor calculator accurate | resistor calculator explained,Transactional tool + informational,/resistor-calculator,"Resistor Calculator – Free, Fast & Explained | FigureNest",Resistor Calculator,"Use FigureNest’s free resistor calculator for fast results, clear inputs, worked examples, and an easy explanation of the formula.",Calculator; How it works; Formula; Worked example; Interpretation; FAQs; Related calculators,WebApplication + BreadcrumbList + FAQPage (only when visible FAQs exist),3,Heuristic opportunity tier; validate volume/difficulty before publishing,Backlog,200,,1352,2026-09-03,Write original copy and independently test calculations; do not copy competitor text.,202
187,Url Encode Decode,Technology & Electrical,url-encode-decode,https://www.calculator.net/url-encode-decode.html,URL Encode / Decode,This free online tool can encode or decode data to and from a URL-compatible format.,URL Encode / Decode,url encode decode,free url encode decode | online url encode decode | url encode decode formula | how to calculate url encode decode | url encode decode with steps | url encode decode metric | url encode decode example | url encode decode calculator accurate | url encode decode calculator explained,Transactional tool + informational,/url-encode-decode-calculator,"Url Encode Decode Calculator – Free, Fast & Explained | FigureNest",Url Encode Decode Calculator,"Use FigureNest’s free url encode decode calculator for fast results, clear inputs, worked examples, and an easy explanation of the formula.",Calculator; How it works; Formula; Worked example; Interpretation; FAQs; Related calculators,WebApplication + BreadcrumbList + FAQPage (only when visible FAQs exist),3,Heuristic opportunity tier; validate volume/difficulty before publishing,Backlog,200,,619,2026-09-03,Write original copy and independently test calculations; do not copy competitor text.,203
